Workbook

Sheet BIC $6 $4
A1: January | D1: February | G1: March | J1: April | M1: May | P1: Jun | S1: Jul | V1: Aug | Y1: Sep | AB1: Oct | AE1: Nov | AH1: Dec
A2: 1 | D2: 1 | G2: 1 | J2: 1 | M2: 1 | P2: 1 | S2: 1 | V2: 1 | Y2: 1 | AB2: 1 | AE2: 1 | AH2: 1
A3: 2 | B3: -3815 | D3: 2 | E3: -1195 | G3: 2 | H3: -10335 | J3: 2 | M3: 2 | P3: 2 | S3: 2 | V3: 2 | Y3: 2 | AB3: 2 | AE3: 2 | AH3: 2
A4: 3 | D4: 3 | E4: -3318 | G4: 3 | H4: 325 | J4: 3 | M4: 3 | P4: 3 | S4: 3 | V4: 3 | Y4: 3 | AB4: 3 | AE4: 3 | AH4: 3
A5: 4 | D5: 4 | E5: -9185 | G5: 4 | J5: 4 | M5: 4 | P5: 4 | S5: 4 | V5: 4 | Y5: 4 | AB5: 4 | AE5: 4 | AH5: 4
A6: 5 | B6: 10 | D6: 5 | G6: 5 | H6: 807 | J6: 5 | M6: 5 | P6: 5 | S6: 5 | V6: 5 | Y6: 5 | AB6: 5 | AE6: 5 | AH6: 5
A7: 6 | B7: -14390 | D7: 6 | E7: -5885 | G7: 6 | H7: 12150 | J7: 6 | M7: 6 | P7: 6 | S7: 6 | V7: 6 | Y7: 6 | AB7: 6 | AE7: 6 | AH7: 6
A8: 7 | B8: -6970 | D8: 7 | G8: 7 | J8: 7 | M8: 7 | P8: 7 | S8: 7 | V8: 7 | Y8: 7 | AB8: 7 | AE8: 7 | AH8: 7
A9: 8 | B9: 670 | D9: 8 | G9: 8 | J9: 8 | M9: 8 | P9: 8 | S9: 8 | V9: 8 | Y9: 8 | AB9: 8 | AE9: 8 | AH9: 8
A10: 9 | B10: -680 | D10: 9 | E10: -6207 | G10: 9 | H10: -4135 | J10: 9 | M10: 9 | P10: 9 | S10: 9 | V10: 9 | Y10: 9 | AB10: 9 | AE10: 9 | AH10: 9
A11: 10 | D11: 10 | E11: 1910 | G11: 10 | H11: -3920 | J11: 10 | M11: 10 | P11: 10 | S11: 10 | V11: 10 | Y11: 10 | AB11: 10 | AE11: 10 | AH11: 10
A12: 11 | D12: 11 | G12: 11 | H12: 7810 | J12: 11 | M12: 11 | P12: 11 | S12: 11 | V12: 11 | Y12: 11 | AB12: 11 | AE12: 11 | AH12: 11
A13: 12 | B13: -3369 | D13: 12 | G13: 12 | H13: 2699 | J13: 12 | M13: 12 | P13: 12 | S13: 12 | V13: 12 | Y13: 12 | AB13: 12 | AE13: 12 | AH13: 12
A14: 13 | B14: 5911 | D14: 13 | E14: 9425 | G14: 13 | H14: 5005 | J14: 13 | M14: 13 | P14: 13 | S14: 13 | V14: 13 | Y14: 13 | AB14: 13 | AE14: 13 | AH14: 13
A15: 14 | B15: 205 | D15: 14 | G15: 14 | J15: 14 | M15: 14 | P15: 14 | S15: 14 | V15: 14 | Y15: 14 | AB15: 14 | AE15: 14 | AH15: 14
A16: 15 | B16: -3480 | D16: 15 | G16: 15 | J16: 15 | M16: 15 | P16: 15 | S16: 15 | V16: 15 | Y16: 15 | AB16: 15 | AE16: 15 | AH16: 15
A17: 16 | B17: 6706 | D17: 16 | G17: 16 | H17: -11714 | J17: 16 | M17: 16 | P17: 16 | S17: 16 | V17: 16 | Y17: 16 | AB17: 16 | AE17: 16 | AH17: 16
A18: 17 | D18: 17 | E18: -4620 | G18: 17 | H18: 3400 | J18: 17 | M18: 17 | P18: 17 | S18: 17 | V18: 17 | Y18: 17 | AB18: 17 | AE18: 17 | AH18: 17
A19: 18 | D19: 18 | G19: 18 | J19: 18 | M19: 18 | P19: 18 | S19: 18 | V19: 18 | Y19: 18 | AB19: 18 | AE19: 18 | AH19: 18
A20: 19 | D20: 19 | E20: 1640 | G20: 19 | H20: -3730 | J20: 19 | M20: 19 | P20: 19 | S20: 19 | V20: 19 | Y20: 19 | AB20: 19 | AE20: 19 | AH20: 19
A21: 20 | B21: 810 | D21: 20 | E21: -3645 | G21: 20 | H21: -5380 | J21: 20 | M21: 20 | P21: 20 | S21: 20 | V21: 20 | Y21: 20 | AB21: 20 | AE21: 20 | AH21: 20
A22: 21 | B22: -15525 | D22: 21 | G22: 21 | J22: 21 | M22: 21 | P22: 21 | S22: 21 | V22: 21 | Y22: 21 | AB22: 21 | AE22: 21 | AH22: 21
A23: 22 | D23: 22 | G23: 22 | J23: 22 | M23: 22 | P23: 22 | S23: 22 | V23: 22 | Y23: 22 | AB23: 22 | AE23: 22 | AH23: 22
A24: 23 | B24: -2330 | D24: 23 | E24: 1315 | G24: 23 | H24: 2270 | J24: 23 | M24: 23 | P24: 23 | S24: 23 | V24: 23 | Y24: 23 | AB24: 23 | AE24: 23 | AH24: 23
A25: 24 | D25: 24 | E25: 375 | G25: 24 | H25: 3195 | J25: 24 | M25: 24 | P25: 24 | S25: 24 | V25: 24 | Y25: 24 | AB25: 24 | AE25: 24 | AH25: 24
A26: 25 | D26: 25 | G26: 25 | H26: -625 | J26: 25 | M26: 25 | P26: 25 | S26: 25 | V26: 25 | Y26: 25 | AB26: 25 | AE26: 25 | AH26: 25
A27: 26 | B27: 9445 | D27: 26 | G27: 26 | H27: 2310 | J27: 26 | M27: 26 | P27: 26 | S27: 26 | V27: 26 | Y27: 26 | AB27: 26 | AE27: 26 | AH27: 26
A28: 27 | B28: 5390 | D28: 27 | E28: 6880 | G28: 27 | H28: 5400 | J28: 27 | M28: 27 | P28: 27 | S28: 27 | V28: 27 | Y28: 27 | AB28: 27 | AE28: 27 | AH28: 27
A29: 28 | D29: 28 | G29: 28 | J29: 28 | M29: 28 | P29: 28 | S29: 28 | V29: 28 | Y29: 28 | AB29: 28 | AE29: 28 | AH29: 28
A30: 29 | D30: 29 | G30: 29 | J30: 29 | M30: 29 | P30: 29 | S30: 29 | V30: 29 | Y30: 29 | AB30: 29 | AE30: 29 | AH30: 29
A31: 30 | B31: -2420 | D31: 30 | G31: 30 | H31: 2265 | J31: 30 | M31: 30 | P31: 30 | S31: 30 | V31: 30 | Y31: 30 | AB31: 30 | AE31: 30 | AH31: 30
A32: 31 | D32: 31 | G32: 31 | H32: 215 | J32: 31 | M32: 31 | P32: 31 | S32: 31 | V32: 31 | Y32: 31 | AB32: 31 | AE32: 31 | AH32: 31
A35: Total | B35: =SUM(B2:B34) | E35: =SUM(E2:E34) | H35: =SUM(H2:H34) | K35: =SUM(K2:K34) | N35: =SUM(N2:N34) | Q35: =SUM(Q2:Q34) | T35: =SUM(T2:T34) | W35: =SUM(W2:W34) | Z35: =SUM(Z2:Z34) | AC35: =SUM(AC2:AC34) | AF35: =SUM(AF2:AF34) | AI35: =SUM(AI2:AI34)

Sheet BIC Standard
A1: January | D1: February | G1: March | J1: April | M1: May | P1: Jun | S1: Jul | V1: Aug | Y1: Sep | AB1: Oct | AE1: Nov | AH1: Dec
A2: 1 | D2: 1 | G2: 1 | J2: 1 | M2: 1 | P2: 1 | S2: 1 | V2: 1 | Y2: 1 | AB2: 1 | AE2: 1 | AH2: 1
A3: 2 | D3: 2 | G3: 2 | H3: -9880 | J3: 2 | M3: 2 | P3: 2 | S3: 2 | V3: 2 | Y3: 2 | AB3: 2 | AE3: 2 | AH3: 2
A4: 3 | D4: 3 | G4: 3 | H4: -5970 | J4: 3 | M4: 3 | P4: 3 | S4: 3 | V4: 3 | Y4: 3 | AB4: 3 | AE4: 3 | AH4: 3
A5: 4 | D5: 4 | G5: 4 | H5: 6995 | J5: 4 | M5: 4 | P5: 4 | S5: 4 | V5: 4 | Y5: 4 | AB5: 4 | AE5: 4 | AH5: 4
A6: 5 | D6: 5 | G6: 5 | H6: -2330 | J6: 5 | M6: 5 | P6: 5 | S6: 5 | V6: 5 | Y6: 5 | AB6: 5 | AE6: 5 | AH6: 5
A7: 6 | D7: 6 | G7: 6 | H7: 9915 | J7: 6 | M7: 6 | P7: 6 | S7: 6 | V7: 6 | Y7: 6 | AB7: 6 | AE7: 6 | AH7: 6
A8: 7 | D8: 7 | G8: 7 | J8: 7 | M8: 7 | P8: 7 | S8: 7 | V8: 7 | Y8: 7 | AB8: 7 | AE8: 7 | AH8: 7
A9: 8 | D9: 8 | G9: 8 | J9: 8 | M9: 8 | P9: 8 | S9: 8 | V9: 8 | Y9: 8 | AB9: 8 | AE9: 8 | AH9: 8
A10: 9 | D10: 9 | G10: 9 | H10: -9240 | J10: 9 | M10: 9 | P10: 9 | S10: 9 | V10: 9 | Y10: 9 | AB10: 9 | AE10: 9 | AH10: 9
A11: 10 | D11: 10 | G11: 10 | H11: -7975 | J11: 10 | M11: 10 | P11: 10 | S11: 10 | V11: 10 | Y11: 10 | AB11: 10 | AE11: 10 | AH11: 10
A12: 11 | D12: 11 | G12: 11 | H12: 665 | J12: 11 | M12: 11 | P12: 11 | S12: 11 | V12: 11 | Y12: 11 | AB12: 11 | AE12: 11 | AH12: 11
A13: 12 | D13: 12 | E13: -920 | G13: 12 | H13: 11930 | J13: 12 | M13: 12 | P13: 12 | S13: 12 | V13: 12 | Y13: 12 | AB13: 12 | AE13: 12 | AH13: 12
A14: 13 | D14: 13 | E14: 800 | G14: 13 | H14: 9500 | J14: 13 | M14: 13 | P14: 13 | S14: 13 | V14: 13 | Y14: 13 | AB14: 13 | AE14: 13 | AH14: 13
A15: 14 | D15: 14 | G15: 14 | J15: 14 | M15: 14 | P15: 14 | S15: 14 | V15: 14 | Y15: 14 | AB15: 14 | AE15: 14 | AH15: 14
A16: 15 | D16: 15 | G16: 15 | J16: 15 | M16: 15 | P16: 15 | S16: 15 | V16: 15 | Y16: 15 | AB16: 15 | AE16: 15 | AH16: 15
A17: 16 | D17: 16 | G17: 16 | H17: 4420 | J17: 16 | M17: 16 | P17: 16 | S17: 16 | V17: 16 | Y17: 16 | AB17: 16 | AE17: 16 | AH17: 16
A18: 17 | D18: 17 | E18: 370 | G18: 17 | H18: 6895 | J18: 17 | M18: 17 | P18: 17 | S18: 17 | V18: 17 | Y18: 17 | AB18: 17 | AE18: 17 | AH18: 17
A19: 18 | D19: 18 | E19: 790 | G19: 18 | H19: 1170 | J19: 18 | M19: 18 | P19: 18 | S19: 18 | V19: 18 | Y19: 18 | AB19: 18 | AE19: 18 | AH19: 18
A20: 19 | D20: 19 | E20: 3357 | G20: 19 | H20: -1335 | J20: 19 | M20: 19 | P20: 19 | S20: 19 | V20: 19 | Y20: 19 | AB20: 19 | AE20: 19 | AH20: 19
A21: 20 | D21: 20 | E21: 1895 | G21: 20 | H21: -4240 | J21: 20 | M21: 20 | P21: 20 | S21: 20 | V21: 20 | Y21: 20 | AB21: 20 | AE21: 20 | AH21: 20
A22: 21 | D22: 21 | G22: 21 | J22: 21 | M22: 21 | P22: 21 | S22: 21 | V22: 21 | Y22: 21 | AB22: 21 | AE22: 21 | AH22: 21
A23: 22 | D23: 22 | G23: 22 | J23: 22 | M23: 22 | P23: 22 | S23: 22 | V23: 22 | Y23: 22 | AB23: 22 | AE23: 22 | AH23: 22
A24: 23 | D24: 23 | E24: 450 | G24: 23 | H24: -1835 | J24: 23 | M24: 23 | P24: 23 | S24: 23 | V24: 23 | Y24: 23 | AB24: 23 | AE24: 23 | AH24: 23
A25: 24 | D25: 24 | E25: 1140 | G25: 24 | H25: -4205 | J25: 24 | M25: 24 | P25: 24 | S25: 24 | V25: 24 | Y25: 24 | AB25: 24 | AE25: 24 | AH25: 24
A26: 25 | D26: 25 | E26: 1266 | G26: 25 | H26: -3540 | J26: 25 | M26: 25 | P26: 25 | S26: 25 | V26: 25 | Y26: 25 | AB26: 25 | AE26: 25 | AH26: 25
A27: 26 | D27: 26 | E27: 9240 | G27: 26 | H27: 5500 | J27: 26 | M27: 26 | P27: 26 | S27: 26 | V27: 26 | Y27: 26 | AB27: 26 | AE27: 26 | AH27: 26
A28: 27 | D28: 27 | E28: 1995 | G28: 27 | H28: 3205 | J28: 27 | M28: 27 | P28: 27 | S28: 27 | V28: 27 | Y28: 27 | AB28: 27 | AE28: 27 | AH28: 27
A29: 28 | D29: 28 | G29: 28 | J29: 28 | M29: 28 | P29: 28 | S29: 28 | V29: 28 | Y29: 28 | AB29: 28 | AE29: 28 | AH29: 28
A30: 29 | D30: 29 | G30: 29 | J30: 29 | M30: 29 | P30: 29 | S30: 29 | V30: 29 | Y30: 29 | AB30: 29 | AE30: 29 | AH30: 29
A31: 30 | D31: 30 | G31: 30 | H31: 4745 | J31: 30 | M31: 30 | P31: 30 | S31: 30 | V31: 30 | Y31: 30 | AB31: 30 | AE31: 30 | AH31: 30
A32: 31 | D32: 31 | G32: 31 | H32: -1353 | J32: 31 | M32: 31 | P32: 31 | S32: 31 | V32: 31 | Y32: 31 | AB32: 31 | AE32: 31 | AH32: 31
A35: Total | E35: =SUM(E2:E28) | H35: =SUM(H2:H34) | K35: =SUM(K2:K34) | N35: =SUM(N2:N34) | Q35: =SUM(Q2:Q34) | T35: =SUM(T2:T34) | W35: =SUM(W2:W34) | Z35: =SUM(Z2:Z34) | AC35: =SUM(AC2:AC34) | AF35: =SUM(AF2:AF34) | AI35: =SUM(AI2:AI34)

Sheet BIC $4 
A1: January | D1: February | G1: March | J1: April | M1: May | P1: Jun | S1: Jul | V1: Aug | Y1: Sep | AB1: Oct | AE1: Nov | AH1: Dec
A2: 1 | D2: 1 | G2: 1 | J2: 1 | M2: 1 | P2: 1 | S2: 1 | V2: 1 | Y2: 1 | AB2: 1 | AE2: 1 | AH2: 1
A3: 2 | B3: -3940 | D3: 2 | E3: -660 | G3: 2 | H3: -5880 | J3: 2 | M3: 2 | P3: 2 | S3: 2 | V3: 2 | Y3: 2 | AB3: 2 | AE3: 2 | AH3: 2
A4: 3 | D4: 3 | E4: 210 | G4: 3 | J4: 3 | M4: 3 | P4: 3 | S4: 3 | V4: 3 | Y4: 3 | AB4: 3 | AE4: 3 | AH4: 3
A5: 4 | D5: 4 | E5: -1895 | G5: 4 | H5: 3150 | J5: 4 | M5: 4 | P5: 4 | S5: 4 | V5: 4 | Y5: 4 | AB5: 4 | AE5: 4 | AH5: 4
A6: 5 | B6: 685 | D6: 5 | G6: 5 | J6: 5 | M6: 5 | P6: 5 | S6: 5 | V6: 5 | Y6: 5 | AB6: 5 | AE6: 5 | AH6: 5
A7: 6 | B7: -5030 | D7: 6 | E7: -1110 | G7: 6 | H7: 45 | J7: 6 | M7: 6 | P7: 6 | S7: 6 | V7: 6 | Y7: 6 | AB7: 6 | AE7: 6 | AH7: 6
A8: 7 | B8: -235 | D8: 7 | G8: 7 | J8: 7 | M8: 7 | P8: 7 | S8: 7 | V8: 7 | Y8: 7 | AB8: 7 | AE8: 7 | AH8: 7
A9: 8 | D9: 8 | G9: 8 | J9: 8 | M9: 8 | P9: 8 | S9: 8 | V9: 8 | Y9: 8 | AB9: 8 | AE9: 8 | AH9: 8
A10: 9 | B10: 1151 | D10: 9 | E10: -1126 | G10: 9 | H10: -5430 | J10: 9 | M10: 9 | P10: 9 | S10: 9 | V10: 9 | Y10: 9 | AB10: 9 | AE10: 9 | AH10: 9
A11: 10 | D11: 10 | E11: 720 | G11: 10 | J11: 10 | M11: 10 | P11: 10 | S11: 10 | V11: 10 | Y11: 10 | AB11: 10 | AE11: 10 | AH11: 10
A12: 11 | D12: 11 | E12: 40 | G12: 11 | H12: 3330 | J12: 11 | M12: 11 | P12: 11 | S12: 11 | V12: 11 | Y12: 11 | AB12: 11 | AE12: 11 | AH12: 11
A13: 12 | B13: -1040 | D13: 12 | E13: 180 | G13: 12 | J13: 12 | M13: 12 | P13: 12 | S13: 12 | V13: 12 | Y13: 12 | AB13: 12 | AE13: 12 | AH13: 12
A14: 13 | B14: 1401 | D14: 13 | E14: 645 | G14: 13 | H14: 60 | J14: 13 | M14: 13 | P14: 13 | S14: 13 | V14: 13 | Y14: 13 | AB14: 13 | AE14: 13 | AH14: 13
A15: 14 | B15: -780 | D15: 14 | G15: 14 | J15: 14 | M15: 14 | P15: 14 | S15: 14 | V15: 14 | Y15: 14 | AB15: 14 | AE15: 14 | AH15: 14
A16: 15 | B16: 115 | D16: 15 | G16: 15 | J16: 15 | M16: 15 | P16: 15 | S16: 15 | V16: 15 | Y16: 15 | AB16: 15 | AE16: 15 | AH16: 15
A17: 16 | B17: -2190 | D17: 16 | G17: 16 | H17: -8430 | J17: 16 | M17: 16 | P17: 16 | S17: 16 | V17: 16 | Y17: 16 | AB17: 16 | AE17: 16 | AH17: 16
A18: 17 | D18: 17 | E18: 40 | G18: 17 | J18: 17 | M18: 17 | P18: 17 | S18: 17 | V18: 17 | Y18: 17 | AB18: 17 | AE18: 17 | AH18: 17
A19: 18 | D19: 18 | E19: 2855 | G19: 18 | J19: 18 | M19: 18 | P19: 18 | S19: 18 | V19: 18 | Y19: 18 | AB19: 18 | AE19: 18 | AH19: 18
A20: 19 | D20: 19 | E20: 570 | G20: 19 | H20: 3010 | J20: 19 | M20: 19 | P20: 19 | S20: 19 | V20: 19 | Y20: 19 | AB20: 19 | AE20: 19 | AH20: 19
A21: 20 | B21: -455 | D21: 20 | E21: -1480 | G21: 20 | H21: -260 | J21: 20 | M21: 20 | P21: 20 | S21: 20 | V21: 20 | Y21: 20 | AB21: 20 | AE21: 20 | AH21: 20
A22: 21 | B22: -8230 | D22: 21 | G22: 21 | J22: 21 | M22: 21 | P22: 21 | S22: 21 | V22: 21 | Y22: 21 | AB22: 21 | AE22: 21 | AH22: 21
A23: 22 | B23: -140 | D23: 22 | G23: 22 | J23: 22 | M23: 22 | P23: 22 | S23: 22 | V23: 22 | Y23: 22 | AB23: 22 | AE23: 22 | AH23: 22
A24: 23 | B24: -1120 | D24: 23 | E24: 1500 | G24: 23 | H24: 1365 | J24: 23 | M24: 23 | P24: 23 | S24: 23 | V24: 23 | Y24: 23 | AB24: 23 | AE24: 23 | AH24: 23
A25: 24 | D25: 24 | E25: -80 | G25: 24 | H25: 1495 | J25: 24 | M25: 24 | P25: 24 | S25: 24 | V25: 24 | Y25: 24 | AB25: 24 | AE25: 24 | AH25: 24
A26: 25 | D26: 25 | E26: 813 | G26: 25 | H26: -1580 | J26: 25 | M26: 25 | P26: 25 | S26: 25 | V26: 25 | Y26: 25 | AB26: 25 | AE26: 25 | AH26: 25
A27: 26 | B27: 3455 | D27: 26 | G27: 26 | H27: 362 | J27: 26 | M27: 26 | P27: 26 | S27: 26 | V27: 26 | Y27: 26 | AB27: 26 | AE27: 26 | AH27: 26
A28: 27 | B28: 1770 | D28: 27 | G28: 27 | H28: -20 | J28: 27 | M28: 27 | P28: 27 | S28: 27 | V28: 27 | Y28: 27 | AB28: 27 | AE28: 27 | AH28: 27
A29: 28 | D29: 28 | G29: 28 | J29: 28 | M29: 28 | P29: 28 | S29: 28 | V29: 28 | Y29: 28 | AB29: 28 | AE29: 28 | AH29: 28
A30: 29 | D30: 29 | G30: 29 | J30: 29 | M30: 29 | P30: 29 | S30: 29 | V30: 29 | Y30: 29 | AB30: 29 | AE30: 29 | AH30: 29
A31: 30 | B31: -450 | D31: 30 | G31: 30 | H31: 2365 | J31: 30 | M31: 30 | P31: 30 | S31: 30 | V31: 30 | Y31: 30 | AB31: 30 | AE31: 30 | AH31: 30
A32: 31 | D32: 31 | G32: 31 | H32: 30 | J32: 31 | M32: 31 | P32: 31 | S32: 31 | V32: 31 | Y32: 31 | AB32: 31 | AE32: 31 | AH32: 31
A35: Total | B35: =SUM(B2:B34) | E35: =SUM(E2:E27) | H35: =SUM(H2:H34) | K35: =SUM(K2:K34) | N35: =SUM(N2:N34) | Q35: =SUM(Q2:Q34) | T35: =SUM(T2:T34) | W35: =SUM(W2:W34) | Z35: =SUM(Z2:Z34) | AC35: =SUM(AC2:AC34) | AF35: =SUM(AF2:AF34) | AI35: =SUM(AI2:AI34)

Sheet BIC $3
A1: January | D1: February | G1: March | J1: April | M1: May | P1: Jun | S1: Jul | V1: Aug | Y1: Sep | AB1: Oct | AE1: Nov | AH1: Dec
A2: 1 | D2: 1 | G2: 1 | J2: 1 | M2: 1 | P2: 1 | S2: 1 | V2: 1 | Y2: 1 | AB2: 1 | AE2: 1 | AH2: 1
A3: 2 | D3: 2 | G3: 2 | H3: 735 | J3: 2 | M3: 2 | P3: 2 | S3: 2 | V3: 2 | Y3: 2 | AB3: 2 | AE3: 2 | AH3: 2
A4: 3 | D4: 3 | G4: 3 | H4: =-200-450 | J4: 3 | M4: 3 | P4: 3 | S4: 3 | V4: 3 | Y4: 3 | AB4: 3 | AE4: 3 | AH4: 3
A5: 4 | D5: 4 | G5: 4 | H5: -630 | J5: 4 | M5: 4 | P5: 4 | S5: 4 | V5: 4 | Y5: 4 | AB5: 4 | AE5: 4 | AH5: 4
A6: 5 | D6: 5 | G6: 5 | H6: -70 | J6: 5 | M6: 5 | P6: 5 | S6: 5 | V6: 5 | Y6: 5 | AB6: 5 | AE6: 5 | AH6: 5
A7: 6 | D7: 6 | G7: 6 | J7: 6 | M7: 6 | P7: 6 | S7: 6 | V7: 6 | Y7: 6 | AB7: 6 | AE7: 6 | AH7: 6
A8: 7 | D8: 7 | G8: 7 | J8: 7 | M8: 7 | P8: 7 | S8: 7 | V8: 7 | Y8: 7 | AB8: 7 | AE8: 7 | AH8: 7
A9: 8 | D9: 8 | G9: 8 | J9: 8 | M9: 8 | P9: 8 | S9: 8 | V9: 8 | Y9: 8 | AB9: 8 | AE9: 8 | AH9: 8
A10: 9 | D10: 9 | G10: 9 | H10: =-1250-1480 | J10: 9 | M10: 9 | P10: 9 | S10: 9 | V10: 9 | Y10: 9 | AB10: 9 | AE10: 9 | AH10: 9
A11: 10 | D11: 10 | G11: 10 | J11: 10 | M11: 10 | P11: 10 | S11: 10 | V11: 10 | Y11: 10 | AB11: 10 | AE11: 10 | AH11: 10
A12: 11 | D12: 11 | E12: -710 | G12: 11 | J12: 11 | M12: 11 | P12: 11 | S12: 11 | V12: 11 | Y12: 11 | AB12: 11 | AE12: 11 | AH12: 11
A13: 12 | D13: 12 | E13: 130 | G13: 12 | H13: =-85-650 | J13: 12 | M13: 12 | P13: 12 | S13: 12 | V13: 12 | Y13: 12 | AB13: 12 | AE13: 12 | AH13: 12
A14: 13 | D14: 13 | G14: 13 | H14: -50 | J14: 13 | M14: 13 | P14: 13 | S14: 13 | V14: 13 | Y14: 13 | AB14: 13 | AE14: 13 | AH14: 13
A15: 14 | D15: 14 | G15: 14 | J15: 14 | M15: 14 | P15: 14 | S15: 14 | V15: 14 | Y15: 14 | AB15: 14 | AE15: 14 | AH15: 14
A16: 15 | B16: 80 | D16: 15 | G16: 15 | J16: 15 | M16: 15 | P16: 15 | S16: 15 | V16: 15 | Y16: 15 | AB16: 15 | AE16: 15 | AH16: 15
A17: 16 | B17: -40 | D17: 16 | G17: 16 | H17: =2642+3845 | J17: 16 | M17: 16 | P17: 16 | S17: 16 | V17: 16 | Y17: 16 | AB17: 16 | AE17: 16 | AH17: 16
A18: 17 | D18: 17 | G18: 17 | H18: =3070+1065 | J18: 17 | M18: 17 | P18: 17 | S18: 17 | V18: 17 | Y18: 17 | AB18: 17 | AE18: 17 | AH18: 17
A19: 18 | D19: 18 | E19: 210 | G19: 18 | J19: 18 | M19: 18 | P19: 18 | S19: 18 | V19: 18 | Y19: 18 | AB19: 18 | AE19: 18 | AH19: 18
A20: 19 | D20: 19 | G20: 19 | H20: =2498+2820 | J20: 19 | M20: 19 | P20: 19 | S20: 19 | V20: 19 | Y20: 19 | AB20: 19 | AE20: 19 | AH20: 19
A21: 20 | B21: 50 | D21: 20 | E21: =-120+1125 | G21: 20 | H21: =-1715-1465 | J21: 20 | M21: 20 | P21: 20 | S21: 20 | V21: 20 | Y21: 20 | AB21: 20 | AE21: 20 | AH21: 20
A22: 21 | B22: -105 | D22: 21 | G22: 21 | J22: 21 | M22: 21 | P22: 21 | S22: 21 | V22: 21 | Y22: 21 | AB22: 21 | AE22: 21 | AH22: 21
A23: 22 | D23: 22 | G23: 22 | J23: 22 | M23: 22 | P23: 22 | S23: 22 | V23: 22 | Y23: 22 | AB23: 22 | AE23: 22 | AH23: 22
A24: 23 | D24: 23 | E24: 490 | G24: 23 | H24: =-1970-2045 | J24: 23 | M24: 23 | P24: 23 | S24: 23 | V24: 23 | Y24: 23 | AB24: 23 | AE24: 23 | AH24: 23
A25: 24 | D25: 24 | E25: =-335+490 | G25: 24 | H25: =-245+2230 | J25: 24 | M25: 24 | P25: 24 | S25: 24 | V25: 24 | Y25: 24 | AB25: 24 | AE25: 24 | AH25: 24
A26: 25 | D26: 25 | G26: 25 | H26: =1300-690 | J26: 25 | M26: 25 | P26: 25 | S26: 25 | V26: 25 | Y26: 25 | AB26: 25 | AE26: 25 | AH26: 25
A27: 26 | D27: 26 | G27: 26 | H27: =3100+2797 | J27: 26 | M27: 26 | P27: 26 | S27: 26 | V27: 26 | Y27: 26 | AB27: 26 | AE27: 26 | AH27: 26
A28: 27 | D28: 27 | E28: -790 | G28: 27 | H28: =745+3345 | J28: 27 | M28: 27 | P28: 27 | S28: 27 | V28: 27 | Y28: 27 | AB28: 27 | AE28: 27 | AH28: 27
A29: 28 | D29: 28 | G29: 28 | J29: 28 | M29: 28 | P29: 28 | S29: 28 | V29: 28 | Y29: 28 | AB29: 28 | AE29: 28 | AH29: 28
A30: 29 | D30: 29 | G30: 29 | J30: 29 | M30: 29 | P30: 29 | S30: 29 | V30: 29 | Y30: 29 | AB30: 29 | AE30: 29 | AH30: 29
A31: 30 | D31: 30 | G31: 30 | J31: 30 | M31: 30 | P31: 30 | S31: 30 | V31: 30 | Y31: 30 | AB31: 30 | AE31: 30 | AH31: 30
A32: 31 | D32: 31 | G32: 31 | H32: 770 | J32: 31 | M32: 31 | P32: 31 | S32: 31 | V32: 31 | Y32: 31 | AB32: 31 | AE32: 31 | AH32: 31
A35: Total | B35: =SUM(B2:B34) | E35: =SUM(E2:E27) | H35: =SUM(H2:H34) | K35: =SUM(K2:K34) | N35: =SUM(N2:N34) | Q35: =SUM(Q2:Q34) | T35: =SUM(T2:T34) | W35: =SUM(W2:W34) | Z35: =SUM(Z2:Z34) | AC35: =SUM(AC2:AC34) | AF35: =SUM(AF2:AF34) | AI35: =SUM(AI2:AI34)

Sheet BIC 1 DTE
A1: January | D1: February | G1: March | J1: April | M1: May | P1: Jun | S1: Jul | V1: Aug | Y1: Sep | AB1: Oct | AE1: Nov | AH1: Dec
A2: 1 | D2: 1 | G2: 1 | J2: 1 | M2: 1 | P2: 1 | S2: 1 | V2: 1 | Y2: 1 | AB2: 1 | AE2: 1 | AH2: 1
A3: 2 | D3: 2 | E3: 1525 | G3: 2 | H3: 795 | J3: 2 | M3: 2 | P3: 2 | S3: 2 | V3: 2 | Y3: 2 | AB3: 2 | AE3: 2 | AH3: 2
A4: 3 | D4: 3 | G4: 3 | J4: 3 | M4: 3 | P4: 3 | S4: 3 | V4: 3 | Y4: 3 | AB4: 3 | AE4: 3 | AH4: 3
A5: 4 | D5: 4 | G5: 4 | J5: 4 | M5: 4 | P5: 4 | S5: 4 | V5: 4 | Y5: 4 | AB5: 4 | AE5: 4 | AH5: 4
A6: 5 | B6: 170 | D6: 5 | G6: 5 | J6: 5 | M6: 5 | P6: 5 | S6: 5 | V6: 5 | Y6: 5 | AB6: 5 | AE6: 5 | AH6: 5
A7: 6 | D7: 6 | G7: 6 | J7: 6 | M7: 6 | P7: 6 | S7: 6 | V7: 6 | Y7: 6 | AB7: 6 | AE7: 6 | AH7: 6
A8: 7 | D8: 7 | G8: 7 | J8: 7 | M8: 7 | P8: 7 | S8: 7 | V8: 7 | Y8: 7 | AB8: 7 | AE8: 7 | AH8: 7
A9: 8 | D9: 8 | G9: 8 | J9: 8 | M9: 8 | P9: 8 | S9: 8 | V9: 8 | Y9: 8 | AB9: 8 | AE9: 8 | AH9: 8
A10: 9 | D10: 9 | E10: 255 | G10: 9 | H10: 1805 | J10: 9 | M10: 9 | P10: 9 | S10: 9 | V10: 9 | Y10: 9 | AB10: 9 | AE10: 9 | AH10: 9
A11: 10 | D11: 10 | G11: 10 | J11: 10 | M11: 10 | P11: 10 | S11: 10 | V11: 10 | Y11: 10 | AB11: 10 | AE11: 10 | AH11: 10
A12: 11 | D12: 11 | G12: 11 | J12: 11 | M12: 11 | P12: 11 | S12: 11 | V12: 11 | Y12: 11 | AB12: 11 | AE12: 11 | AH12: 11
A13: 12 | B13: 840 | D13: 12 | G13: 12 | J13: 12 | M13: 12 | P13: 12 | S13: 12 | V13: 12 | Y13: 12 | AB13: 12 | AE13: 12 | AH13: 12
A14: 13 | D14: 13 | G14: 13 | J14: 13 | M14: 13 | P14: 13 | S14: 13 | V14: 13 | Y14: 13 | AB14: 13 | AE14: 13 | AH14: 13
A15: 14 | D15: 14 | G15: 14 | J15: 14 | M15: 14 | P15: 14 | S15: 14 | V15: 14 | Y15: 14 | AB15: 14 | AE15: 14 | AH15: 14
A16: 15 | D16: 15 | G16: 15 | J16: 15 | M16: 15 | P16: 15 | S16: 15 | V16: 15 | Y16: 15 | AB16: 15 | AE16: 15 | AH16: 15
A17: 16 | D17: 16 | G17: 16 | H17: 1900 | J17: 16 | M17: 16 | P17: 16 | S17: 16 | V17: 16 | Y17: 16 | AB17: 16 | AE17: 16 | AH17: 16
A18: 17 | D18: 17 | G18: 17 | J18: 17 | M18: 17 | P18: 17 | S18: 17 | V18: 17 | Y18: 17 | AB18: 17 | AE18: 17 | AH18: 17
A19: 18 | D19: 18 | G19: 18 | J19: 18 | M19: 18 | P19: 18 | S19: 18 | V19: 18 | Y19: 18 | AB19: 18 | AE19: 18 | AH19: 18
A20: 19 | D20: 19 | G20: 19 | J20: 19 | M20: 19 | P20: 19 | S20: 19 | V20: 19 | Y20: 19 | AB20: 19 | AE20: 19 | AH20: 19
A21: 20 | D21: 20 | G21: 20 | J21: 20 | M21: 20 | P21: 20 | S21: 20 | V21: 20 | Y21: 20 | AB21: 20 | AE21: 20 | AH21: 20
A22: 21 | D22: 21 | G22: 21 | J22: 21 | M22: 21 | P22: 21 | S22: 21 | V22: 21 | Y22: 21 | AB22: 21 | AE22: 21 | AH22: 21
A23: 22 | D23: 22 | G23: 22 | J23: 22 | M23: 22 | P23: 22 | S23: 22 | V23: 22 | Y23: 22 | AB23: 22 | AE23: 22 | AH23: 22
A24: 23 | D24: 23 | E24: 3830 | G24: 23 | H24: -2755 | J24: 23 | M24: 23 | P24: 23 | S24: 23 | V24: 23 | Y24: 23 | AB24: 23 | AE24: 23 | AH24: 23
A25: 24 | D25: 24 | G25: 24 | J25: 24 | M25: 24 | P25: 24 | S25: 24 | V25: 24 | Y25: 24 | AB25: 24 | AE25: 24 | AH25: 24
A26: 25 | D26: 25 | G26: 25 | J26: 25 | M26: 25 | P26: 25 | S26: 25 | V26: 25 | Y26: 25 | AB26: 25 | AE26: 25 | AH26: 25
A27: 26 | B27: 540 | D27: 26 | G27: 26 | J27: 26 | M27: 26 | P27: 26 | S27: 26 | V27: 26 | Y27: 26 | AB27: 26 | AE27: 26 | AH27: 26
A28: 27 | D28: 27 | G28: 27 | J28: 27 | M28: 27 | P28: 27 | S28: 27 | V28: 27 | Y28: 27 | AB28: 27 | AE28: 27 | AH28: 27
A29: 28 | D29: 28 | G29: 28 | J29: 28 | M29: 28 | P29: 28 | S29: 28 | V29: 28 | Y29: 28 | AB29: 28 | AE29: 28 | AH29: 28
A30: 29 | D30: 29 | G30: 29 | J30: 29 | M30: 29 | P30: 29 | S30: 29 | V30: 29 | Y30: 29 | AB30: 29 | AE30: 29 | AH30: 29
A31: 30 | D31: 30 | G31: 30 | H31: -2780 | J31: 30 | M31: 30 | P31: 30 | S31: 30 | V31: 30 | Y31: 30 | AB31: 30 | AE31: 30 | AH31: 30
A32: 31 | D32: 31 | G32: 31 | J32: 31 | M32: 31 | P32: 31 | S32: 31 | V32: 31 | Y32: 31 | AB32: 31 | AE32: 31 | AH32: 31
A35: Total | B35: =SUM(B2:B34) | E35: =SUM(E2:E27) | H35: =SUM(H2:H34) | K35: =SUM(K2:K34) | N35: =SUM(N2:N34) | Q35: =SUM(Q2:Q34) | T35: =SUM(T2:T34) | W35: =SUM(W2:W34) | Z35: =SUM(Z2:Z34) | AC35: =SUM(AC2:AC34) | AF35: =SUM(AF2:AF34) | AI35: =SUM(AI2:AI34)

Sheet All BICs
A1: January | D1: February | G1: Mar | J1: April | M1: May | P1: Jun | S1: Jul | V1: Aug | Y1: Sep | AB1: Oct | AE1: Nov | AH1: Dec
A2: 1 | D2: 1 | G2: 1 | J2: 1 | M2: 1 | N2: ='BIC $6 $4'!N2+'BIC $4 '!N2+'BIC $3'!N2+'BIC 1 DTE'!N2 | P2: 1 | Q2: ='BIC $6 $4'!Q2+'BIC $4 '!Q2+'BIC $3'!Q2+'BIC 1 DTE'!Q2 | S2: 1 | T2: ='BIC $6 $4'!T2+'BIC $4 '!T2+'BIC $3'!T2+'BIC 1 DTE'!T2 | V2: 1 | W2: ='BIC $6 $4'!W2+'BIC $4 '!W2+'BIC $3'!W2+'BIC 1 DTE'!W2 | Y2: 1 | AB2: 1 | AC2: ='BIC $6 $4'!AC2+'BIC $4 '!AC2+'BIC $3'!AC2+'BIC 1 DTE'!AC2 | AE2: 1 | AH2: 1 | AI2: ='BIC $6 $4'!AI2+'BIC $4 '!AI2+'BIC $3'!AI2+'BIC 1 DTE'!AI2
A3: 2 | B3: ='BIC $6 $4'!B3+'BIC $4 '!B3+'BIC $3'!B3+'BIC 1 DTE'!B3 | D3: 2 | E3: ='BIC $6 $4'!E3+'BIC $4 '!E3+'BIC $3'!E3+'BIC 1 DTE'!E3 | G3: 2 | H3: ='BIC $6 $4'!H3+'BIC $4 '!H3+'BIC $3'!H3+'BIC 1 DTE'!H3+'BIC Standard'!H3 | J3: 2 | M3: 2 | N3: ='BIC $6 $4'!N3+'BIC $4 '!N3+'BIC $3'!N3+'BIC 1 DTE'!N3 | P3: 2 | Q3: ='BIC $6 $4'!Q3+'BIC $4 '!Q3+'BIC $3'!Q3+'BIC 1 DTE'!Q3 | S3: 2 | T3: ='BIC $6 $4'!T3+'BIC $4 '!T3+'BIC $3'!T3+'BIC 1 DTE'!T3 | V3: 2 | W3: ='BIC $6 $4'!W3+'BIC $4 '!W3+'BIC $3'!W3+'BIC 1 DTE'!W3 | Y3: 2 | Z3: ='BIC $6 $4'!Z3+'BIC $4 '!Z3+'BIC $3'!Z3+'BIC 1 DTE'!Z3 | AB3: 2 | AC3: ='BIC $6 $4'!AC3+'BIC $4 '!AC3+'BIC $3'!AC3+'BIC 1 DTE'!AC3 | AE3: 2 | AH3: 2 | AI3: ='BIC $6 $4'!AI3+'BIC $4 '!AI3+'BIC $3'!AI3+'BIC 1 DTE'!AI3
A4: 3 | D4: 3 | E4: ='BIC $6 $4'!E4+'BIC $4 '!E4+'BIC $3'!E4+'BIC 1 DTE'!E4 | G4: 3 | H4: ='BIC $6 $4'!H4+'BIC $4 '!H4+'BIC $3'!H4+'BIC 1 DTE'!H4+'BIC Standard'!H4 | J4: 3 | M4: 3 | P4: 3 | Q4: ='BIC $6 $4'!Q4+'BIC $4 '!Q4+'BIC $3'!Q4+'BIC 1 DTE'!Q4 | S4: 3 | T4: ='BIC $6 $4'!T4+'BIC $4 '!T4+'BIC $3'!T4+'BIC 1 DTE'!T4 | V4: 3 | Y4: 3 | Z4: ='BIC $6 $4'!Z4+'BIC $4 '!Z4+'BIC $3'!Z4+'BIC 1 DTE'!Z4 | AB4: 3 | AC4: ='BIC $6 $4'!AC4+'BIC $4 '!AC4+'BIC $3'!AC4+'BIC 1 DTE'!AC4 | AE4: 3 | AF4: ='BIC $6 $4'!AF4+'BIC $4 '!AF4+'BIC $3'!AF4+'BIC 1 DTE'!AF4 | AH4: 3 | AI4: ='BIC $6 $4'!AI4+'BIC $4 '!AI4+'BIC $3'!AI4+'BIC 1 DTE'!AI4
A5: 4 | D5: 4 | E5: ='BIC $6 $4'!E5+'BIC $4 '!E5+'BIC $3'!E5+'BIC 1 DTE'!E5 | G5: 4 | H5: ='BIC $6 $4'!H5+'BIC $4 '!H5+'BIC $3'!H5+'BIC 1 DTE'!H5+'BIC Standard'!H5 | J5: 4 | M5: 4 | P5: 4 | Q5: ='BIC $6 $4'!Q5+'BIC $4 '!Q5+'BIC $3'!Q5+'BIC 1 DTE'!Q5 | S5: 4 | V5: 4 | Y5: 4 | Z5: ='BIC $6 $4'!Z5+'BIC $4 '!Z5+'BIC $3'!Z5+'BIC 1 DTE'!Z5 | AB5: 4 | AE5: 4 | AF5: ='BIC $6 $4'!AF5+'BIC $4 '!AF5+'BIC $3'!AF5+'BIC 1 DTE'!AF5 | AH5: 4 | AI5: ='BIC $6 $4'!AI5+'BIC $4 '!AI5+'BIC $3'!AI5+'BIC 1 DTE'!AI5
A6: 5 | B6: ='BIC $6 $4'!B6+'BIC $4 '!B6+'BIC $3'!B6+'BIC 1 DTE'!B6 | D6: 5 | G6: 5 | H6: ='BIC $6 $4'!H6+'BIC $4 '!H6+'BIC $3'!H6+'BIC 1 DTE'!H6+'BIC Standard'!H6 | J6: 5 | M6: 5 | N6: ='BIC $6 $4'!N6+'BIC $4 '!N6+'BIC $3'!N6+'BIC 1 DTE'!N6 | P6: 5 | Q6: ='BIC $6 $4'!Q6+'BIC $4 '!Q6+'BIC $3'!Q6+'BIC 1 DTE'!Q6 | S6: 5 | V6: 5 | W6: ='BIC $6 $4'!W6+'BIC $4 '!W6+'BIC $3'!W6+'BIC 1 DTE'!W6 | Y6: 5 | Z6: ='BIC $6 $4'!Z6+'BIC $4 '!Z6+'BIC $3'!Z6+'BIC 1 DTE'!Z6 | AB6: 5 | AE6: 5 | AF6: ='BIC $6 $4'!AF6+'BIC $4 '!AF6+'BIC $3'!AF6+'BIC 1 DTE'!AF6 | AH6: 5 | AI6: ='BIC $6 $4'!AI6+'BIC $4 '!AI6+'BIC $3'!AI6+'BIC 1 DTE'!AI6
A7: 6 | B7: ='BIC $6 $4'!B7+'BIC $4 '!B7+'BIC $3'!B7+'BIC 1 DTE'!B7 | D7: 6 | E7: ='BIC $6 $4'!E7+'BIC $4 '!E7+'BIC $3'!E7+'BIC 1 DTE'!E7 | G7: 6 | H7: ='BIC $6 $4'!H7+'BIC $4 '!H7+'BIC $3'!H7+'BIC 1 DTE'!H7+'BIC Standard'!H7 | J7: 6 | M7: 6 | N7: ='BIC $6 $4'!N7+'BIC $4 '!N7+'BIC $3'!N7+'BIC 1 DTE'!N7 | P7: 6 | S7: 6 | V7: 6 | W7: ='BIC $6 $4'!W7+'BIC $4 '!W7+'BIC $3'!W7+'BIC 1 DTE'!W7 | Y7: 6 | AB7: 6 | AC7: ='BIC $6 $4'!AC7+'BIC $4 '!AC7+'BIC $3'!AC7+'BIC 1 DTE'!AC7 | AE7: 6 | AF7: ='BIC $6 $4'!AF7+'BIC $4 '!AF7+'BIC $3'!AF7+'BIC 1 DTE'!AF7 | AH7: 6
A8: 7 | B8: ='BIC $6 $4'!B8+'BIC $4 '!B8+'BIC $3'!B8+'BIC 1 DTE'!B8 | D8: 7 | G8: 7 | J8: 7 | M8: 7 | P8: 7 | S8: 7 | T8: ='BIC $6 $4'!T8+'BIC $4 '!T8+'BIC $3'!T8+'BIC 1 DTE'!T8 | V8: 7 | W8: ='BIC $6 $4'!W8+'BIC $4 '!W8+'BIC $3'!W8+'BIC 1 DTE'!W8 | Y8: 7 | AB8: 7 | AC8: ='BIC $6 $4'!AC8+'BIC $4 '!AC8+'BIC $3'!AC8+'BIC 1 DTE'!AC8 | AE8: 7 | AF8: ='BIC $6 $4'!AF8+'BIC $4 '!AF8+'BIC $3'!AF8+'BIC 1 DTE'!AF8 | AH8: 7
A9: 8 | B9: ='BIC $6 $4'!B9+'BIC $4 '!B9+'BIC $3'!B9+'BIC 1 DTE'!B9 | D9: 8 | G9: 8 | J9: 8 | M9: 8 | N9: ='BIC $6 $4'!N9+'BIC $4 '!N9+'BIC $3'!N9+'BIC 1 DTE'!N9 | P9: 8 | Q9: ='BIC $6 $4'!Q9+'BIC $4 '!Q9+'BIC $3'!Q9+'BIC 1 DTE'!Q9 | S9: 8 | T9: ='BIC $6 $4'!T9+'BIC $4 '!T9+'BIC $3'!T9+'BIC 1 DTE'!T9 | V9: 8 | W9: ='BIC $6 $4'!W9+'BIC $4 '!W9+'BIC $3'!W9+'BIC 1 DTE'!W9 | Y9: 8 | Z9: ='BIC $6 $4'!Z9+'BIC $4 '!Z9+'BIC $3'!Z9+'BIC 1 DTE'!Z9 | AB9: 8 | AE9: 8 | AH9: 8 | AI9: ='BIC $6 $4'!AI9+'BIC $4 '!AI9+'BIC $3'!AI9+'BIC 1 DTE'!AI9
A10: 9 | B10: ='BIC $6 $4'!B10+'BIC $4 '!B10+'BIC $3'!B10+'BIC 1 DTE'!B10 | D10: 9 | E10: ='BIC $6 $4'!E10+'BIC $4 '!E10+'BIC $3'!E10+'BIC 1 DTE'!E10 | G10: 9 | H10: ='BIC $6 $4'!H10+'BIC $4 '!H10+'BIC $3'!H10+'BIC 1 DTE'!H10+'BIC Standard'!H10 | J10: 9 | M10: 9 | N10: ='BIC $6 $4'!N10+'BIC $4 '!N10+'BIC $3'!N10+'BIC 1 DTE'!N10 | P10: 9 | Q10: ='BIC $6 $4'!Q10+'BIC $4 '!Q10+'BIC $3'!Q10+'BIC 1 DTE'!Q10 | S10: 9 | T10: ='BIC $6 $4'!T10+'BIC $4 '!T10+'BIC $3'!T10+'BIC 1 DTE'!T10 | V10: 9 | Y10: 9 | Z10: ='BIC $6 $4'!Z10+'BIC $4 '!Z10+'BIC $3'!Z10+'BIC 1 DTE'!Z10 | AB10: 9 | AC10: ='BIC $6 $4'!AC10+'BIC $4 '!AC10+'BIC $3'!AC10+'BIC 1 DTE'!AC10 | AE10: 9 | AH10: 9 | AI10: ='BIC $6 $4'!AI10+'BIC $4 '!AI10+'BIC $3'!AI10+'BIC 1 DTE'!AI10
A11: 10 | D11: 10 | E11: ='BIC $6 $4'!E11+'BIC $4 '!E11+'BIC $3'!E11+'BIC 1 DTE'!E11 | G11: 10 | H11: ='BIC $6 $4'!H11+'BIC $4 '!H11+'BIC $3'!H11+'BIC 1 DTE'!H11+'BIC Standard'!H11 | J11: 10 | M11: 10 | P11: 10 | Q11: ='BIC $6 $4'!Q11+'BIC $4 '!Q11+'BIC $3'!Q11+'BIC 1 DTE'!Q11 | S11: 10 | T11: ='BIC $6 $4'!T11+'BIC $4 '!T11+'BIC $3'!T11+'BIC 1 DTE'!T11 | V11: 10 | Y11: 10 | Z11: ='BIC $6 $4'!Z11+'BIC $4 '!Z11+'BIC $3'!Z11+'BIC 1 DTE'!Z11 | AB11: 10 | AC11: ='BIC $6 $4'!AC11+'BIC $4 '!AC11+'BIC $3'!AC11+'BIC 1 DTE'!AC11 | AE11: 10 | AF11: ='BIC $6 $4'!AF11+'BIC $4 '!AF11+'BIC $3'!AF11+'BIC 1 DTE'!AF11 | AH11: 10
A12: 11 | D12: 11 | E12: ='BIC $6 $4'!E12+'BIC $4 '!E12+'BIC $3'!E12+'BIC 1 DTE'!E12 | G12: 11 | H12: ='BIC $6 $4'!H12+'BIC $4 '!H12+'BIC $3'!H12+'BIC 1 DTE'!H12+'BIC Standard'!H12 | J12: 11 | M12: 11 | P12: 11 | Q12: ='BIC $6 $4'!Q12+'BIC $4 '!Q12+'BIC $3'!Q12+'BIC 1 DTE'!Q12 | S12: 11 | T12: ='BIC $6 $4'!T12+'BIC $4 '!T12+'BIC $3'!T12+'BIC 1 DTE'!T12 | V12: 11 | W12: ='BIC $6 $4'!W12+'BIC $4 '!W12+'BIC $3'!W12+'BIC 1 DTE'!W12 | Y12: 11 | Z12: ='BIC $6 $4'!Z12+'BIC $4 '!Z12+'BIC $3'!Z12+'BIC 1 DTE'!Z12 | AB12: 11 | AE12: 11 | AF12: ='BIC $6 $4'!AF12+'BIC $4 '!AF12+'BIC $3'!AF12+'BIC 1 DTE'!AF12 | AH12: 11 | AI12: ='BIC $6 $4'!AI12+'BIC $4 '!AI12+'BIC $3'!AI12+'BIC 1 DTE'!AI12
A13: 12 | B13: ='BIC $6 $4'!B13+'BIC $4 '!B13+'BIC $3'!B13+'BIC 1 DTE'!B13 | D13: 12 | E13: ='BIC $6 $4'!E13+'BIC $4 '!E13+'BIC $3'!E13+'BIC 1 DTE'!E13+'BIC Standard'!E13 | G13: 12 | H13: ='BIC $6 $4'!H13+'BIC $4 '!H13+'BIC $3'!H13+'BIC 1 DTE'!H13+'BIC Standard'!H13 | J13: 12 | M13: 12 | N13: ='BIC $6 $4'!N13+'BIC $4 '!N13+'BIC $3'!N13+'BIC 1 DTE'!N13 | P13: 12 | Q13: ='BIC $6 $4'!Q13+'BIC $4 '!Q13+'BIC $3'!Q13+'BIC 1 DTE'!Q13 | S13: 12 | V13: 12 | W13: ='BIC $6 $4'!W13+'BIC $4 '!W13+'BIC $3'!W13+'BIC 1 DTE'!W13 | Y13: 12 | Z13: ='BIC $6 $4'!Z13+'BIC $4 '!Z13+'BIC $3'!Z13+'BIC 1 DTE'!Z13 | AB13: 12 | AE13: 12 | AF13: ='BIC $6 $4'!AF13+'BIC $4 '!AF14+'BIC $3'!AF13+'BIC 1 DTE'!AF13 | AH13: 12 | AI13: ='BIC $6 $4'!AI13+'BIC $4 '!AI13+'BIC $3'!AI13+'BIC 1 DTE'!AI13
A14: 13 | B14: ='BIC $6 $4'!B14+'BIC $4 '!B14+'BIC $3'!B14+'BIC 1 DTE'!B14 | D14: 13 | E14: ='BIC $6 $4'!E14+'BIC $4 '!E14+'BIC $3'!E14+'BIC 1 DTE'!E14+'BIC Standard'!E14 | G14: 13 | H14: ='BIC $6 $4'!H14+'BIC $4 '!H14+'BIC $3'!H14+'BIC 1 DTE'!H14+'BIC Standard'!H14 | J14: 13 | M14: 13 | N14: ='BIC $6 $4'!N14+'BIC $4 '!N14+'BIC $3'!N14+'BIC 1 DTE'!N14 | P14: 13 | S14: 13 | V14: 13 | W14: ='BIC $6 $4'!W14+'BIC $4 '!W14+'BIC $3'!W14+'BIC 1 DTE'!W14 | Y14: 13 | AB14: 13 | AC14: ='BIC $6 $4'!AC14+'BIC $4 '!AC14+'BIC $3'!AC14+'BIC 1 DTE'!AC14 | AE14: 13 | AF14: ='BIC $6 $4'!AF14+'BIC $4 '!AF14+'BIC $3'!AF14+'BIC 1 DTE'!AF14 | AH14: 13
A15: 14 | B15: ='BIC $6 $4'!B15+'BIC $4 '!B15+'BIC $3'!B15+'BIC 1 DTE'!B15 | D15: 14 | G15: 14 | J15: 14 | M15: 14 | N15: ='BIC $6 $4'!N15+'BIC $4 '!N15+'BIC $3'!N15+'BIC 1 DTE'!N15 | P15: 14 | S15: 14 | T15: ='BIC $6 $4'!T15+'BIC $4 '!T15+'BIC $3'!T15+'BIC 1 DTE'!T15 | V15: 14 | W15: ='BIC $6 $4'!W15+'BIC $4 '!W15+'BIC $3'!W15+'BIC 1 DTE'!W15 | Y15: 14 | AB15: 14 | AC15: ='BIC $6 $4'!AC15+'BIC $4 '!AC15+'BIC $3'!AC15+'BIC 1 DTE'!AC15 | AE15: 14 | AF15: ='BIC $6 $4'!AF15+'BIC $4 '!AF15+'BIC $3'!AF15+'BIC 1 DTE'!AF15 | AH15: 14
A16: 15 | B16: ='BIC $6 $4'!B16+'BIC $4 '!B16+'BIC $3'!B16+'BIC 1 DTE'!B16 | D16: 15 | G16: 15 | J16: 15 | M16: 15 | N16: ='BIC $6 $4'!N16+'BIC $4 '!N16+'BIC $3'!N16+'BIC 1 DTE'!N16 | P16: 15 | Q16: ='BIC $6 $4'!Q16+'BIC $4 '!Q16+'BIC $3'!Q16+'BIC 1 DTE'!Q16 | S16: 15 | T16: ='BIC $6 $4'!T16+'BIC $4 '!T16+'BIC $3'!T16+'BIC 1 DTE'!T16 | V16: 15 | W16: ='BIC $6 $4'!W16+'BIC $4 '!W16+'BIC $3'!W16+'BIC 1 DTE'!W16 | Y16: 15 | Z16: ='BIC $6 $4'!Z16+'BIC $4 '!Z16+'BIC $3'!Z16+'BIC 1 DTE'!Z16 | AB16: 15 | AC16: ='BIC $6 $4'!AC16+'BIC $4 '!AC16+'BIC $3'!AC16+'BIC 1 DTE'!AC16 | AE16: 15 | AH16: 15 | AI16: ='BIC $6 $4'!AI16+'BIC $4 '!AI16+'BIC $3'!AI16+'BIC 1 DTE'!AI16
A17: 16 | B17: ='BIC $6 $4'!B17+'BIC $4 '!B17+'BIC $3'!B17+'BIC 1 DTE'!B17 | D17: 16 | G17: 16 | H17: ='BIC $6 $4'!H17+'BIC $4 '!H17+'BIC $3'!H17+'BIC 1 DTE'!H17+'BIC Standard'!H17 | J17: 16 | M17: 16 | N17: ='BIC $6 $4'!N17+'BIC $4 '!N17+'BIC $3'!N17+'BIC 1 DTE'!N17 | P17: 16 | Q17: ='BIC $6 $4'!Q17+'BIC $4 '!Q17+'BIC $3'!Q17+'BIC 1 DTE'!Q17 | S17: 16 | T17: ='BIC $6 $4'!T17+'BIC $4 '!T17+'BIC $3'!T17+'BIC 1 DTE'!T17 | V17: 16 | Y17: 16 | Z17: ='BIC $6 $4'!Z17+'BIC $4 '!Z17+'BIC $3'!Z17+'BIC 1 DTE'!Z17 | AB17: 16 | AC17: ='BIC $6 $4'!AC17+'BIC $4 '!AC17+'BIC $3'!AC17+'BIC 1 DTE'!AC17 | AE17: 16 | AH17: 16 | AI17: ='BIC $6 $4'!AI17+'BIC $4 '!AI17+'BIC $3'!AI17+'BIC 1 DTE'!AI17
A18: 17 | D18: 17 | E18: ='BIC $6 $4'!E18+'BIC $4 '!E18+'BIC $3'!E18+'BIC 1 DTE'!E18+'BIC Standard'!E18 | G18: 17 | H18: ='BIC $6 $4'!H18+'BIC $4 '!H18+'BIC $3'!H18+'BIC 1 DTE'!H18+'BIC Standard'!H18 | J18: 17 | M18: 17 | N18: ='BIC $6 $4'!N18+'BIC $4 '!N18+'BIC $3'!N18+'BIC 1 DTE'!N18 | P18: 17 | S18: 17 | T18: ='BIC $6 $4'!T18+'BIC $4 '!T18+'BIC $3'!T18+'BIC 1 DTE'!T18 | V18: 17 | Y18: 17 | AB18: 17 | AC18: ='BIC $6 $4'!AC18+'BIC $4 '!AC18+'BIC $3'!AC18+'BIC 1 DTE'!AC18 | AE18: 17 | AF18: ='BIC $6 $4'!AF18+'BIC $4 '!AF18+'BIC $3'!AF18+'BIC 1 DTE'!AF18 | AH18: 17 | AI18: ='BIC $6 $4'!AI18+'BIC $4 '!AI18+'BIC $3'!AI18+'BIC 1 DTE'!AI18
A19: 18 | D19: 18 | E19: ='BIC $6 $4'!E19+'BIC Standard'!E19+'BIC $4 '!E19+'BIC $3'!E19+'BIC 1 DTE'!E19 | G19: 18 | H19: ='BIC $6 $4'!H19+'BIC $4 '!H19+'BIC $3'!H19+'BIC 1 DTE'!H19+'BIC Standard'!H19 | J19: 18 | M19: 18 | N19: ='BIC $6 $4'!N19+'BIC $4 '!N19+'BIC $3'!N19+'BIC 1 DTE'!N19 | P19: 18 | S19: 18 | T19: ='BIC $6 $4'!T19+'BIC $4 '!T19+'BIC $3'!T19+'BIC 1 DTE'!T19 | V19: 18 | W19: ='BIC $6 $4'!W19+'BIC $4 '!W19+'BIC $3'!W19+'BIC 1 DTE'!W19 | Y19: 18 | Z19: ='BIC $6 $4'!Z19+'BIC $4 '!Z19+'BIC $3'!Z19+'BIC 1 DTE'!Z19 | AB19: 18 | AE19: 18 | AF19: ='BIC $6 $4'!AF19+'BIC $4 '!AF19+'BIC $3'!AF19+'BIC 1 DTE'!AF19 | AH19: 18 | AI19: ='BIC $6 $4'!AI19+'BIC $4 '!AI19+'BIC $3'!AI19+'BIC 1 DTE'!AI19
A20: 19 | D20: 19 | E20: ='BIC $6 $4'!E20+'BIC Standard'!E20+'BIC $4 '!E20+'BIC $3'!E20+'BIC 1 DTE'!E20 | G20: 19 | H20: ='BIC $6 $4'!H20+'BIC $4 '!H20+'BIC $3'!H20+'BIC 1 DTE'!H20+'BIC Standard'!H20 | J20: 19 | M20: 19 | P20: 19 | Q20: ='BIC $6 $4'!Q20+'BIC $4 '!Q20+'BIC $3'!Q20+'BIC 1 DTE'!Q20 | S20: 19 | V20: 19 | W20: ='BIC $6 $4'!W20+'BIC $4 '!W20+'BIC $3'!W20+'BIC 1 DTE'!W20 | Y20: 19 | Z20: ='BIC $6 $4'!Z20+'BIC $4 '!Z20+'BIC $3'!Z20+'BIC 1 DTE'!Z20 | AB20: 19 | AE20: 19 | AF20: ='BIC $6 $4'!AF20+'BIC $4 '!AF20+'BIC $3'!AF20+'BIC 1 DTE'!AF20 | AH20: 19 | AI20: ='BIC $6 $4'!AI20+'BIC $4 '!AI20+'BIC $3'!AI20+'BIC 1 DTE'!AI20
A21: 20 | B21: ='BIC $6 $4'!B21+'BIC $4 '!B21+'BIC $3'!B21+'BIC 1 DTE'!B21 | D21: 20 | E21: ='BIC $6 $4'!E21+'BIC Standard'!E21+'BIC $4 '!E21+'BIC $3'!E21+'BIC 1 DTE'!E21 | G21: 20 | H21: ='BIC $6 $4'!H21+'BIC $4 '!H21+'BIC $3'!H21+'BIC 1 DTE'!H21+'BIC Standard'!H21 | J21: 20 | M21: 20 | P21: 20 | S21: 20 | V21: 20 | W21: ='BIC $6 $4'!W21+'BIC $4 '!W21+'BIC $3'!W21+'BIC 1 DTE'!W21 | Y21: 20 | AB21: 20 | AC21: ='BIC $6 $4'!AC21+'BIC $4 '!AC21+'BIC $3'!AC21+'BIC 1 DTE'!AC21 | AE21: 20 | AF21: ='BIC $6 $4'!AF21+'BIC $4 '!AF21+'BIC $3'!AF21+'BIC 1 DTE'!AF21 | AH21: 20
A22: 21 | B22: ='BIC $6 $4'!B22+'BIC $4 '!B22+'BIC $3'!B22+'BIC 1 DTE'!B22 | D22: 21 | G22: 21 | J22: 21 | M22: 21 | N22: ='BIC $6 $4'!N22+'BIC $4 '!N22+'BIC $3'!N22+'BIC 1 DTE'!N22 | P22: 21 | S22: 21 | T22: ='BIC $6 $4'!T22+'BIC $4 '!T22+'BIC $3'!T22+'BIC 1 DTE'!T22 | V22: 21 | W22: ='BIC $6 $4'!W22+'BIC $4 '!W22+'BIC $3'!W22+'BIC 1 DTE'!W22 | Y22: 21 | AB22: 21 | AC22: ='BIC $6 $4'!AC22+'BIC $4 '!AC22+'BIC $3'!AC22+'BIC 1 DTE'!AC22 | AE22: 21 | AF22: ='BIC $6 $4'!AF22+'BIC $4 '!AF22+'BIC $3'!AF22+'BIC 1 DTE'!AF22 | AH22: 21
A23: 22 | B23: ='BIC $6 $4'!B23+'BIC $4 '!B23+'BIC $3'!B23+'BIC 1 DTE'!B23 | D23: 22 | G23: 22 | J23: 22 | M23: 22 | N23: ='BIC $6 $4'!N23+'BIC $4 '!N23+'BIC $3'!N23+'BIC 1 DTE'!N23 | P23: 22 | Q23: ='BIC $6 $4'!Q23+'BIC $4 '!Q23+'BIC $3'!Q23+'BIC 1 DTE'!Q23 | S23: 22 | T23: ='BIC $6 $4'!T23+'BIC $4 '!T23+'BIC $3'!T23+'BIC 1 DTE'!T23 | V23: 22 | W23: ='BIC $6 $4'!W23+'BIC $4 '!W23+'BIC $3'!W23+'BIC 1 DTE'!W23 | Y23: 22 | Z23: ='BIC $6 $4'!Z23+'BIC $4 '!Z23+'BIC $3'!Z23+'BIC 1 DTE'!Z23 | AB23: 22 | AC23: ='BIC $6 $4'!AC23+'BIC $4 '!AC23+'BIC $3'!AC23+'BIC 1 DTE'!AC23 | AE23: 22 | AH23: 22 | AI23: ='BIC $6 $4'!AI23+'BIC $4 '!AI23+'BIC $3'!AI23+'BIC 1 DTE'!AI23
A24: 23 | B24: ='BIC $6 $4'!B24+'BIC $4 '!B24+'BIC $3'!B24+'BIC 1 DTE'!B24 | D24: 23 | E24: ='BIC $6 $4'!E24+'BIC Standard'!E24+'BIC $4 '!E24+'BIC $3'!E24+'BIC 1 DTE'!E24 | G24: 23 | H24: ='BIC $6 $4'!H24+'BIC $4 '!H24+'BIC $3'!H24+'BIC 1 DTE'!H24+'BIC Standard'!H24 | J24: 23 | M24: 23 | N24: ='BIC $6 $4'!N24+'BIC $4 '!N24+'BIC $3'!N24+'BIC 1 DTE'!N24 | P24: 23 | Q24: ='BIC $6 $4'!Q24+'BIC $4 '!Q24+'BIC $3'!Q24+'BIC 1 DTE'!Q24 | S24: 23 | T24: ='BIC $6 $4'!T24+'BIC $4 '!T24+'BIC $3'!T24+'BIC 1 DTE'!T24 | V24: 23 | Y24: 23 | Z24: ='BIC $6 $4'!Z24+'BIC $4 '!Z24+'BIC $3'!Z24+'BIC 1 DTE'!Z24 | AB24: 23 | AC24: ='BIC $6 $4'!AC24+'BIC $4 '!AC24+'BIC $3'!AC24+'BIC 1 DTE'!AC24 | AE24: 23 | AH24: 23 | AI24: ='BIC $6 $4'!AI24+'BIC $4 '!AI24+'BIC $3'!AI24+'BIC 1 DTE'!AI24
A25: 24 | D25: 24 | E25: ='BIC $6 $4'!E25+'BIC Standard'!E25+'BIC $4 '!E25+'BIC $3'!E25+'BIC 1 DTE'!E25 | G25: 24 | H25: ='BIC $6 $4'!H25+'BIC $4 '!H25+'BIC $3'!H25+'BIC 1 DTE'!H25+'BIC Standard'!H25 | J25: 24 | M25: 24 | P25: 24 | Q25: ='BIC $6 $4'!Q25+'BIC $4 '!Q25+'BIC $3'!Q25+'BIC 1 DTE'!Q25 | S25: 24 | T25: ='BIC $6 $4'!T25+'BIC $4 '!T25+'BIC $3'!T25+'BIC 1 DTE'!T25 | V25: 24 | Y25: 24 | Z25: ='BIC $6 $4'!Z25+'BIC $4 '!Z25+'BIC $3'!Z25+'BIC 1 DTE'!Z25 | AB25: 24 | AC25: ='BIC $6 $4'!AC25+'BIC $4 '!AC25+'BIC $3'!AC25+'BIC 1 DTE'!AC25 | AE25: 24 | AF25: ='BIC $6 $4'!AF25+'BIC $4 '!AF25+'BIC $3'!AF25+'BIC 1 DTE'!AF25 | AH25: 24
A26: 25 | D26: 25 | E26: ='BIC $6 $4'!E26+'BIC Standard'!E26+'BIC $4 '!E26+'BIC $3'!E26+'BIC 1 DTE'!E26 | G26: 25 | H26: ='BIC $6 $4'!H26+'BIC $4 '!H26+'BIC $3'!H26+'BIC 1 DTE'!H26+'BIC Standard'!H26 | J26: 25 | M26: 25 | P26: 25 | Q26: ='BIC $6 $4'!Q26+'BIC $4 '!Q26+'BIC $3'!Q26+'BIC 1 DTE'!Q26 | S26: 25 | T26: ='BIC $6 $4'!T26+'BIC $4 '!T26+'BIC $3'!T26+'BIC 1 DTE'!T26 | V26: 25 | W26: ='BIC $6 $4'!W26+'BIC $4 '!W26+'BIC $3'!W26+'BIC 1 DTE'!W26 | Y26: 25 | Z26: ='BIC $6 $4'!Z26+'BIC $4 '!Z26+'BIC $3'!Z26+'BIC 1 DTE'!Z26 | AB26: 25 | AE26: 25 | AF26: ='BIC $6 $4'!AF26+'BIC $4 '!AF26+'BIC $3'!AF26+'BIC 1 DTE'!AF26 | AH26: 25
A27: 26 | B27: ='BIC $6 $4'!B27+'BIC $4 '!B27+'BIC $3'!B27+'BIC 1 DTE'!B27 | D27: 26 | E27: ='BIC $6 $4'!E27+'BIC Standard'!E27+'BIC $4 '!E27+'BIC $3'!E27+'BIC 1 DTE'!E27 | G27: 26 | H27: ='BIC $6 $4'!H27+'BIC $4 '!H27+'BIC $3'!H27+'BIC 1 DTE'!H27+'BIC Standard'!H27 | J27: 26 | M27: 26 | P27: 26 | Q27: ='BIC $6 $4'!Q27+'BIC $4 '!Q27+'BIC $3'!Q27+'BIC 1 DTE'!Q27 | S27: 26 | V27: 26 | W27: ='BIC $6 $4'!W27+'BIC $4 '!W27+'BIC $3'!W27+'BIC 1 DTE'!W27 | Y27: 26 | Z27: ='BIC $6 $4'!Z27+'BIC $4 '!Z27+'BIC $3'!Z27+'BIC 1 DTE'!Z27 | AB27: 26 | AE27: 26 | AF27: ='BIC $6 $4'!AF27+'BIC $4 '!AF27+'BIC $3'!AF27+'BIC 1 DTE'!AF27 | AH27: 26 | AI27: ='BIC $6 $4'!AI27+'BIC $4 '!AI27+'BIC $3'!AI27+'BIC 1 DTE'!AI27
A28: 27 | B28: ='BIC $6 $4'!B28+'BIC $4 '!B28+'BIC $3'!B28+'BIC 1 DTE'!B28 | D28: 27 | E28: ='BIC $6 $4'!E28+'BIC Standard'!E28+'BIC $4 '!E28+'BIC $3'!E28+'BIC 1 DTE'!E28 | G28: 27 | H28: ='BIC $6 $4'!H28+'BIC $4 '!H28+'BIC $3'!H28+'BIC 1 DTE'!H28+'BIC Standard'!H28 | J28: 27 | M28: 27 | N28: ='BIC $6 $4'!N28+'BIC $4 '!N28+'BIC $3'!N28+'BIC 1 DTE'!N28 | P28: 27 | S28: 27 | V28: 27 | W28: ='BIC $6 $4'!W28+'BIC $4 '!W28+'BIC $3'!W28+'BIC 1 DTE'!W28 | Y28: 27 | AB28: 27 | AC28: ='BIC $6 $4'!AC28+'BIC $4 '!AC28+'BIC $3'!AC28+'BIC 1 DTE'!AC28 | AE28: 27 | AH28: 27
A29: 28 | D29: 28 | G29: 28 | J29: 28 | M29: 28 | N29: ='BIC $6 $4'!N29+'BIC $4 '!N29+'BIC $3'!N29+'BIC 1 DTE'!N29 | P29: 28 | S29: 28 | T29: ='BIC $6 $4'!T29+'BIC $4 '!T29+'BIC $3'!T29+'BIC 1 DTE'!T29 | V29: 28 | W29: ='BIC $6 $4'!W29+'BIC $4 '!W29+'BIC $3'!W29+'BIC 1 DTE'!W29 | Y29: 28 | AB29: 28 | AC29: ='BIC $6 $4'!AC29+'BIC $4 '!AC29+'BIC $3'!AC29+'BIC 1 DTE'!AC29 | AE29: 28 | AF29: ='BIC $6 $4'!AF29+'BIC $4 '!AF29+'BIC $3'!AF29+'BIC 1 DTE'!AF29 | AH29: 28
A30: 29 | D30: 29 | G30: 29 | J30: 29 | M30: 29 | N30: ='BIC $6 $4'!N30+'BIC $4 '!N30+'BIC $3'!N30+'BIC 1 DTE'!N30 | P30: 29 | Q30: ='BIC $6 $4'!Q30+'BIC $4 '!Q30+'BIC $3'!Q30+'BIC 1 DTE'!Q30 | S30: 29 | T30: ='BIC $6 $4'!T30+'BIC $4 '!T30+'BIC $3'!T30+'BIC 1 DTE'!T30 | V30: 29 | W30: ='BIC $6 $4'!W30+'BIC $4 '!W30+'BIC $3'!W30+'BIC 1 DTE'!W30 | Y30: 29 | Z30: ='BIC $6 $4'!Z30+'BIC $4 '!Z30+'BIC $3'!Z30+'BIC 1 DTE'!Z30 | AB30: 29 | AE30: 29 | AH30: 29 | AI30: ='BIC $6 $4'!AI30+'BIC $4 '!AI30+'BIC $3'!AI30+'BIC 1 DTE'!AI30
A31: 30 | B31: ='BIC $6 $4'!B31+'BIC $4 '!B31+'BIC $3'!B31+'BIC 1 DTE'!B31 | D31: 30 | G31: 30 | H31: ='BIC $6 $4'!H31+'BIC $4 '!H31+'BIC $3'!H31+'BIC 1 DTE'!H31+'BIC Standard'!H31 | J31: 30 | M31: 30 | N31: ='BIC $6 $4'!N31+'BIC $4 '!N31+'BIC $3'!N31+'BIC 1 DTE'!N31 | P31: 30 | S31: 30 | V31: 30 | Y31: 30 | AB31: 30 | AC31: ='BIC $6 $4'!AC31+'BIC $4 '!AC31+'BIC $3'!AC31+'BIC 1 DTE'!AC31 | AE31: 30 | AH31: 30 | AI31: ='BIC $6 $4'!AI31+'BIC $4 '!AI31+'BIC $3'!AI31+'BIC 1 DTE'!AI31
A32: 31 | D32: 31 | G32: 31 | H32: ='BIC $6 $4'!H32+'BIC $4 '!H32+'BIC $3'!H32+'BIC 1 DTE'!H32+'BIC Standard'!H32 | J32: 31 | M32: 31 | P32: 31 | S32: 31 | V32: 31 | Y32: 31 | AB32: 31 | AC32: ='BIC $6 $4'!AC32+'BIC $4 '!AC32+'BIC $3'!AC32+'BIC 1 DTE'!AC32 | AE32: 31 | AH32: 31
A35: Total | B35: ='BIC $6 $4'!B35+'BIC $4 '!B35+'BIC $3'!B35+'BIC 1 DTE'!B35 | E35: =SUM(E2:E27) | H35: =SUM(H2:H32) | K35: ='BIC $6 $4'!K35+'BIC $4 '!K35+'BIC $3'!K35+'BIC 1 DTE'!K35 | N35: =SUM(N2:N34) | Q35: =SUM(Q2:Q34) | T35: =SUM(T2:T34) | W35: =SUM(W2:W34) | Z35: =SUM(Z2:Z34) | AC35: =SUM(AC2:AC34) | AF35: =SUM(AF2:AF34) | AI35: =SUM(AI2:AI34)

Sheet Price Action IC
A1: January | D1: February | G1: March | J1: April | M1: May | P1: Jun | S1: Jul | V1: Aug | Y1: Sep | AB1: Oct | AE1: Nov | AH1: Dec
A2: 1 | D2: 1 | G2: 1 | J2: 1 | M2: 1 | P2: 1 | S2: 1 | V2: 1 | Y2: 1 | AB2: 1 | AE2: 1 | AH2: 1
A3: 2 | B3: -2630 | D3: 2 | E3: 1205 | G3: 2 | J3: 2 | M3: 2 | P3: 2 | S3: 2 | V3: 2 | Y3: 2 | AB3: 2 | AE3: 2 | AH3: 2
A4: 3 | D4: 3 | E4: -5660 | G4: 3 | H4: -2390 | J4: 3 | M4: 3 | P4: 3 | S4: 3 | V4: 3 | Y4: 3 | AB4: 3 | AE4: 3 | AH4: 3
A5: 4 | D5: 4 | E5: -1480 | G5: 4 | H5: 2370 | J5: 4 | M5: 4 | P5: 4 | S5: 4 | V5: 4 | Y5: 4 | AB5: 4 | AE5: 4 | AH5: 4
A6: 5 | B6: -1300 | D6: 5 | E6: 920 | G6: 5 | H6: 5 | J6: 5 | M6: 5 | P6: 5 | S6: 5 | V6: 5 | Y6: 5 | AB6: 5 | AE6: 5 | AH6: 5
A7: 6 | B7: -1180 | D7: 6 | E7: 3095 | G7: 6 | H7: 3350 | J7: 6 | M7: 6 | P7: 6 | S7: 6 | V7: 6 | Y7: 6 | AB7: 6 | AE7: 6 | AH7: 6
A8: 7 | B8: -460 | D8: 7 | G8: 7 | J8: 7 | M8: 7 | P8: 7 | S8: 7 | V8: 7 | Y8: 7 | AB8: 7 | AE8: 7 | AH8: 7
A9: 8 | B9: 1930 | D9: 8 | G9: 8 | J9: 8 | M9: 8 | P9: 8 | S9: 8 | V9: 8 | Y9: 8 | AB9: 8 | AE9: 8 | AH9: 8
A10: 9 | B10: 5 | D10: 9 | E10: -330 | G10: 9 | H10: -80 | J10: 9 | M10: 9 | P10: 9 | S10: 9 | V10: 9 | Y10: 9 | AB10: 9 | AE10: 9 | AH10: 9
A11: 10 | D11: 10 | E11: 1350 | G11: 10 | H11: -675 | J11: 10 | M11: 10 | P11: 10 | S11: 10 | V11: 10 | Y11: 10 | AB11: 10 | AE11: 10 | AH11: 10
A12: 11 | D12: 11 | E12: 1610 | G12: 11 | H12: 2075 | J12: 11 | M12: 11 | P12: 11 | S12: 11 | V12: 11 | Y12: 11 | AB12: 11 | AE12: 11 | AH12: 11
A13: 12 | B13: 60 | D13: 12 | E13: -310 | G13: 12 | H13: 4275 | J13: 12 | M13: 12 | P13: 12 | S13: 12 | V13: 12 | Y13: 12 | AB13: 12 | AE13: 12 | AH13: 12
A14: 13 | B14: -1060 | D14: 13 | E14: 1110 | G14: 13 | H14: -1740 | J14: 13 | M14: 13 | P14: 13 | S14: 13 | V14: 13 | Y14: 13 | AB14: 13 | AE14: 13 | AH14: 13
A15: 14 | B15: -1305 | D15: 14 | G15: 14 | J15: 14 | M15: 14 | P15: 14 | S15: 14 | V15: 14 | Y15: 14 | AB15: 14 | AE15: 14 | AH15: 14
A16: 15 | B16: -820 | D16: 15 | G16: 15 | J16: 15 | M16: 15 | P16: 15 | S16: 15 | V16: 15 | Y16: 15 | AB16: 15 | AE16: 15 | AH16: 15
A17: 16 | B17: 320 | D17: 16 | G17: 16 | H17: -675 | J17: 16 | M17: 16 | P17: 16 | S17: 16 | V17: 16 | Y17: 16 | AB17: 16 | AE17: 16 | AH17: 16
A18: 17 | D18: 17 | E18: 65 | G18: 17 | H18: 2870 | J18: 17 | M18: 17 | P18: 17 | S18: 17 | V18: 17 | Y18: 17 | AB18: 17 | AE18: 17 | AH18: 17
A19: 18 | D19: 18 | E19: -10 | G19: 18 | H19: 465 | J19: 18 | M19: 18 | P19: 18 | S19: 18 | V19: 18 | Y19: 18 | AB19: 18 | AE19: 18 | AH19: 18
A20: 19 | D20: 19 | E20: 430 | G20: 19 | H20: 1825 | J20: 19 | M20: 19 | P20: 19 | S20: 19 | V20: 19 | Y20: 19 | AB20: 19 | AE20: 19 | AH20: 19
A21: 20 | B21: 975 | D21: 20 | E21: -340 | G21: 20 | H21: -3680 | J21: 20 | M21: 20 | P21: 20 | S21: 20 | V21: 20 | Y21: 20 | AB21: 20 | AE21: 20 | AH21: 20
A22: 21 | B22: -670 | D22: 21 | G22: 21 | J22: 21 | M22: 21 | P22: 21 | S22: 21 | V22: 21 | Y22: 21 | AB22: 21 | AE22: 21 | AH22: 21
A23: 22 | B23: 1200 | D23: 22 | G23: 22 | J23: 22 | M23: 22 | P23: 22 | S23: 22 | V23: 22 | Y23: 22 | AB23: 22 | AE23: 22 | AH23: 22
A24: 23 | B24: -1060 | D24: 23 | E24: 2560 | G24: 23 | H24: -2310 | J24: 23 | M24: 23 | P24: 23 | S24: 23 | V24: 23 | Y24: 23 | AB24: 23 | AE24: 23 | AH24: 23
A25: 24 | D25: 24 | E25: 1060 | G25: 24 | H25: -1265 | J25: 24 | M25: 24 | P25: 24 | S25: 24 | V25: 24 | Y25: 24 | AB25: 24 | AE25: 24 | AH25: 24
A26: 25 | D26: 25 | E26: 60 | G26: 25 | H26: 3190 | J26: 25 | M26: 25 | P26: 25 | S26: 25 | V26: 25 | Y26: 25 | AB26: 25 | AE26: 25 | AH26: 25
A27: 26 | B27: 1290 | D27: 26 | E27: 760 | G27: 26 | H27: 95 | J27: 26 | M27: 26 | P27: 26 | S27: 26 | V27: 26 | Y27: 26 | AB27: 26 | AE27: 26 | AH27: 26
A28: 27 | B28: 450 | D28: 27 | E28: 140 | G28: 27 | H28: -2810 | J28: 27 | M28: 27 | P28: 27 | S28: 27 | V28: 27 | Y28: 27 | AB28: 27 | AE28: 27 | AH28: 27
A29: 28 | D29: 28 | G29: 28 | J29: 28 | M29: 28 | P29: 28 | S29: 28 | V29: 28 | Y29: 28 | AB29: 28 | AE29: 28 | AH29: 28
A30: 29 | B30: 1100 | D30: 29 | G30: 29 | J30: 29 | M30: 29 | P30: 29 | S30: 29 | V30: 29 | Y30: 29 | AB30: 29 | AE30: 29 | AH30: 29
A31: 30 | B31: -2830 | D31: 30 | G31: 30 | H31: 1425 | J31: 30 | M31: 30 | P31: 30 | S31: 30 | V31: 30 | Y31: 30 | AB31: 30 | AE31: 30 | AH31: 30
A32: 31 | D32: 31 | G32: 31 | H32: 480 | J32: 31 | M32: 31 | P32: 31 | S32: 31 | V32: 31 | Y32: 31 | AB32: 31 | AE32: 31 | AH32: 31
A35: Total | B35: =SUM(B2:B34) | E35: =SUM(E2:E28) | H35: =SUM(H2:H34) | K35: =SUM(K2:K34) | N35: =SUM(N2:N34) | Q35: =SUM(Q2:Q34) | T35: =SUM(T2:T34) | W35: =SUM(W2:W34) | Z35: =SUM(Z2:Z34) | AC35: =SUM(AC2:AC34) | AF35: =SUM(AF2:AF34) | AI35: =SUM(AI2:AI34)

Sheet Verticals
A1: January | D1: February | G1: March | J1: April | M1: May | P1: Jun | S1: Jul | V1: Aug | Y1: Sep | AB1: Oct | AE1: Nov | AH1: Dec
A2: 1 | D2: 1 | G2: 1 | J2: 1 | M2: 1 | P2: 1 | S2: 1 | V2: 1 | Y2: 1 | AB2: 1 | AE2: 1 | AH2: 1
A3: 2 | B3: =-590-1300 | D3: 2 | E3: =795-235 | G3: 2 | H3: 1081 | J3: 2 | M3: 2 | P3: 2 | S3: 2 | V3: 2 | Y3: 2 | AB3: 2 | AE3: 2 | AH3: 2
A4: 3 | D4: 3 | E4: -385 | G4: 3 | H4: =-1240+7376 | J4: 3 | M4: 3 | P4: 3 | S4: 3 | V4: 3 | Y4: 3 | AB4: 3 | AE4: 3 | AH4: 3
A5: 4 | D5: 4 | E5: 1710 | G5: 4 | H5: 3350 | J5: 4 | M5: 4 | P5: 4 | S5: 4 | V5: 4 | Y5: 4 | AB5: 4 | AE5: 4 | AH5: 4
A6: 5 | B6: 570 | D6: 5 | E6: =-1600+1050 | G6: 5 | H6: =-2263-2845 | J6: 5 | M6: 5 | P6: 5 | S6: 5 | V6: 5 | Y6: 5 | AB6: 5 | AE6: 5 | AH6: 5
A7: 6 | B7: 1010 | D7: 6 | E7: 2850 | G7: 6 | H7: =-604-5158 | J7: 6 | M7: 6 | P7: 6 | S7: 6 | V7: 6 | Y7: 6 | AB7: 6 | AE7: 6 | AH7: 6
A8: 7 | B8: -2932 | D8: 7 | G8: 7 | J8: 7 | M8: 7 | P8: 7 | S8: 7 | V8: 7 | Y8: 7 | AB8: 7 | AE8: 7 | AH8: 7
A9: 8 | B9: -335 | D9: 8 | G9: 8 | J9: 8 | M9: 8 | P9: 8 | S9: 8 | V9: 8 | Y9: 8 | AB9: 8 | AE9: 8 | AH9: 8
A10: 9 | B10: -350 | D10: 9 | E10: 2325 | G10: 9 | H10: 1190 | J10: 9 | M10: 9 | P10: 9 | S10: 9 | V10: 9 | Y10: 9 | AB10: 9 | AE10: 9 | AH10: 9
A11: 10 | D11: 10 | E11: 50 | G11: 10 | H11: =1955-915 | J11: 10 | M11: 10 | P11: 10 | S11: 10 | V11: 10 | Y11: 10 | AB11: 10 | AE11: 10 | AH11: 10
A12: 11 | D12: 11 | E12: 890 | G12: 11 | H12: -2305 | J12: 11 | M12: 11 | P12: 11 | S12: 11 | V12: 11 | Y12: 11 | AB12: 11 | AE12: 11 | AH12: 11
A13: 12 | B13: 10 | D13: 12 | E13: =-2155+2245 | G13: 12 | J13: 12 | M13: 12 | P13: 12 | S13: 12 | V13: 12 | Y13: 12 | AB13: 12 | AE13: 12 | AH13: 12
A14: 13 | B14: -2060 | D14: 13 | G14: 13 | H14: 60 | J14: 13 | M14: 13 | P14: 13 | S14: 13 | V14: 13 | Y14: 13 | AB14: 13 | AE14: 13 | AH14: 13
A15: 14 | B15: 1695 | D15: 14 | G15: 14 | J15: 14 | M15: 14 | P15: 14 | S15: 14 | V15: 14 | Y15: 14 | AB15: 14 | AE15: 14 | AH15: 14
A16: 15 | D16: 15 | G16: 15 | J16: 15 | M16: 15 | P16: 15 | S16: 15 | V16: 15 | Y16: 15 | AB16: 15 | AE16: 15 | AH16: 15
A17: 16 | B17: 285 | D17: 16 | G17: 16 | J17: 16 | M17: 16 | P17: 16 | S17: 16 | V17: 16 | Y17: 16 | AB17: 16 | AE17: 16 | AH17: 16
A18: 17 | D18: 17 | G18: 17 | H18: =-418-605 | J18: 17 | M18: 17 | P18: 17 | S18: 17 | V18: 17 | Y18: 17 | AB18: 17 | AE18: 17 | AH18: 17
A19: 18 | D19: 18 | G19: 18 | J19: 18 | M19: 18 | P19: 18 | S19: 18 | V19: 18 | Y19: 18 | AB19: 18 | AE19: 18 | AH19: 18
A20: 19 | D20: 19 | E20: =-580+35 | G20: 19 | H20: 1100 | J20: 19 | M20: 19 | P20: 19 | S20: 19 | V20: 19 | Y20: 19 | AB20: 19 | AE20: 19 | AH20: 19
A21: 20 | B21: =-645+5660 | D21: 20 | E21: =325-4580 | G21: 20 | H21: -3440 | J21: 20 | M21: 20 | P21: 20 | S21: 20 | V21: 20 | Y21: 20 | AB21: 20 | AE21: 20 | AH21: 20
A22: 21 | B22: 2495 | D22: 21 | G22: 21 | J22: 21 | M22: 21 | P22: 21 | S22: 21 | V22: 21 | Y22: 21 | AB22: 21 | AE22: 21 | AH22: 21
A23: 22 | D23: 22 | G23: 22 | J23: 22 | M23: 22 | P23: 22 | S23: 22 | V23: 22 | Y23: 22 | AB23: 22 | AE23: 22 | AH23: 22
A24: 23 | B24: 335 | D24: 23 | E24: =-910+3775 | G24: 23 | H24: 1845 | J24: 23 | M24: 23 | P24: 23 | S24: 23 | V24: 23 | Y24: 23 | AB24: 23 | AE24: 23 | AH24: 23
A25: 24 | D25: 24 | E25: 2520 | G25: 24 | H25: =-2420+220 | J25: 24 | M25: 24 | P25: 24 | S25: 24 | V25: 24 | Y25: 24 | AB25: 24 | AE25: 24 | AH25: 24
A26: 25 | D26: 25 | E26: 1880 | G26: 25 | H26: =430+1004 | J26: 25 | M26: 25 | P26: 25 | S26: 25 | V26: 25 | Y26: 25 | AB26: 25 | AE26: 25 | AH26: 25
A27: 26 | B27: 135 | D27: 26 | G27: 26 | H27: =3340+527 | J27: 26 | M27: 26 | P27: 26 | S27: 26 | V27: 26 | Y27: 26 | AB27: 26 | AE27: 26 | AH27: 26
A28: 27 | B28: 1616 | D28: 27 | E28: =-1060-414 | G28: 27 | H28: 1126 | J28: 27 | M28: 27 | P28: 27 | S28: 27 | V28: 27 | Y28: 27 | AB28: 27 | AE28: 27 | AH28: 27
A29: 28 | B29: -460 | D29: 28 | G29: 28 | J29: 28 | M29: 28 | P29: 28 | S29: 28 | V29: 28 | Y29: 28 | AB29: 28 | AE29: 28 | AH29: 28
A30: 29 | B30: =2810+720-1095 | D30: 29 | G30: 29 | J30: 29 | M30: 29 | P30: 29 | S30: 29 | V30: 29 | Y30: 29 | AB30: 29 | AE30: 29 | AH30: 29
A31: 30 | B31: =-1270-2210 | D31: 30 | G31: 30 | H31: 1783 | J31: 30 | M31: 30 | P31: 30 | S31: 30 | V31: 30 | Y31: 30 | AB31: 30 | AE31: 30 | AH31: 30
A32: 31 | D32: 31 | G32: 31 | H32: =1390+2345 | J32: 31 | M32: 31 | P32: 31 | S32: 31 | V32: 31 | Y32: 31 | AB32: 31 | AE32: 31 | AH32: 31
A35: Total | B35: =SUM(B2:B34) | E35: =SUM(E2:E27) | H35: =SUM(H2:H34) | K35: =SUM(K2:K34) | N35: =SUM(N2:N34) | Q35: =SUM(Q2:Q34) | T35: =SUM(T2:T34) | W35: =SUM(W2:W34) | Z35: =SUM(Z2:Z34) | AC35: =SUM(AC2:AC34) | AF35: =SUM(AF2:AF34) | AI35: =SUM(AI2:AI34)

Sheet Auto JSP
A1: January | D1: February | G1: March | J1: April | M1: May | P1: Jun | S1: Jul | V1: Aug | Y1: Sep | AB1: Oct | AE1: Nov | AH1: Dec
A2: 1 | D2: 1 | G2: 1 | J2: 1 | M2: 1 | P2: 1 | S2: 1 | V2: 1 | Y2: 1 | AB2: 1 | AE2: 1 | AH2: 1
A3: 2 | D3: 2 | E3: -730 | G3: 2 | J3: 2 | M3: 2 | P3: 2 | S3: 2 | V3: 2 | Y3: 2 | AB3: 2 | AE3: 2 | AH3: 2
A4: 3 | D4: 3 | G4: 3 | J4: 3 | M4: 3 | P4: 3 | S4: 3 | V4: 3 | Y4: 3 | AB4: 3 | AE4: 3 | AH4: 3
A5: 4 | D5: 4 | G5: 4 | H5: -740 | J5: 4 | M5: 4 | P5: 4 | S5: 4 | V5: 4 | Y5: 4 | AB5: 4 | AE5: 4 | AH5: 4
A6: 5 | D6: 5 | G6: 5 | J6: 5 | M6: 5 | P6: 5 | S6: 5 | V6: 5 | Y6: 5 | AB6: 5 | AE6: 5 | AH6: 5
A7: 6 | B7: 510 | D7: 6 | E7: 500 | G7: 6 | J7: 6 | M7: 6 | P7: 6 | S7: 6 | V7: 6 | Y7: 6 | AB7: 6 | AE7: 6 | AH7: 6
A8: 7 | D8: 7 | G8: 7 | J8: 7 | M8: 7 | P8: 7 | S8: 7 | V8: 7 | Y8: 7 | AB8: 7 | AE8: 7 | AH8: 7
A9: 8 | D9: 8 | G9: 8 | J9: 8 | M9: 8 | P9: 8 | S9: 8 | V9: 8 | Y9: 8 | AB9: 8 | AE9: 8 | AH9: 8
A10: 9 | B10: 500 | D10: 9 | E10: -222 | G10: 9 | J10: 9 | M10: 9 | P10: 9 | S10: 9 | V10: 9 | Y10: 9 | AB10: 9 | AE10: 9 | AH10: 9
A11: 10 | D11: 10 | G11: 10 | H11: -280 | J11: 10 | M11: 10 | P11: 10 | S11: 10 | V11: 10 | Y11: 10 | AB11: 10 | AE11: 10 | AH11: 10
A12: 11 | D12: 11 | G12: 11 | J12: 11 | M12: 11 | P12: 11 | S12: 11 | V12: 11 | Y12: 11 | AB12: 11 | AE12: 11 | AH12: 11
A13: 12 | D13: 12 | G13: 12 | J13: 12 | M13: 12 | P13: 12 | S13: 12 | V13: 12 | Y13: 12 | AB13: 12 | AE13: 12 | AH13: 12
A14: 13 | D14: 13 | G14: 13 | J14: 13 | M14: 13 | P14: 13 | S14: 13 | V14: 13 | Y14: 13 | AB14: 13 | AE14: 13 | AH14: 13
A15: 14 | D15: 14 | G15: 14 | J15: 14 | M15: 14 | P15: 14 | S15: 14 | V15: 14 | Y15: 14 | AB15: 14 | AE15: 14 | AH15: 14
A16: 15 | D16: 15 | G16: 15 | J16: 15 | M16: 15 | P16: 15 | S16: 15 | V16: 15 | Y16: 15 | AB16: 15 | AE16: 15 | AH16: 15
A17: 16 | D17: 16 | G17: 16 | J17: 16 | M17: 16 | P17: 16 | S17: 16 | V17: 16 | Y17: 16 | AB17: 16 | AE17: 16 | AH17: 16
A18: 17 | D18: 17 | G18: 17 | J18: 17 | M18: 17 | P18: 17 | S18: 17 | V18: 17 | Y18: 17 | AB18: 17 | AE18: 17 | AH18: 17
A19: 18 | D19: 18 | E19: -1470 | G19: 18 | J19: 18 | M19: 18 | P19: 18 | S19: 18 | V19: 18 | Y19: 18 | AB19: 18 | AE19: 18 | AH19: 18
A20: 19 | D20: 19 | G20: 19 | J20: 19 | M20: 19 | P20: 19 | S20: 19 | V20: 19 | Y20: 19 | AB20: 19 | AE20: 19 | AH20: 19
A21: 20 | D21: 20 | E21: -150 | G21: 20 | J21: 20 | M21: 20 | P21: 20 | S21: 20 | V21: 20 | Y21: 20 | AB21: 20 | AE21: 20 | AH21: 20
A22: 21 | D22: 21 | G22: 21 | J22: 21 | M22: 21 | P22: 21 | S22: 21 | V22: 21 | Y22: 21 | AB22: 21 | AE22: 21 | AH22: 21
A23: 22 | D23: 22 | G23: 22 | J23: 22 | M23: 22 | P23: 22 | S23: 22 | V23: 22 | Y23: 22 | AB23: 22 | AE23: 22 | AH23: 22
A24: 23 | D24: 23 | G24: 23 | J24: 23 | M24: 23 | P24: 23 | S24: 23 | V24: 23 | Y24: 23 | AB24: 23 | AE24: 23 | AH24: 23
A25: 24 | D25: 24 | E25: -650 | G25: 24 | J25: 24 | M25: 24 | P25: 24 | S25: 24 | V25: 24 | Y25: 24 | AB25: 24 | AE25: 24 | AH25: 24
A26: 25 | D26: 25 | E26: 450 | G26: 25 | J26: 25 | M26: 25 | P26: 25 | S26: 25 | V26: 25 | Y26: 25 | AB26: 25 | AE26: 25 | AH26: 25
A27: 26 | B27: -260 | D27: 26 | G27: 26 | J27: 26 | M27: 26 | P27: 26 | S27: 26 | V27: 26 | Y27: 26 | AB27: 26 | AE27: 26 | AH27: 26
A28: 27 | D28: 27 | G28: 27 | J28: 27 | M28: 27 | P28: 27 | S28: 27 | V28: 27 | Y28: 27 | AB28: 27 | AE28: 27 | AH28: 27
A29: 28 | D29: 28 | G29: 28 | J29: 28 | M29: 28 | P29: 28 | S29: 28 | V29: 28 | Y29: 28 | AB29: 28 | AE29: 28 | AH29: 28
A30: 29 | D30: 29 | G30: 29 | J30: 29 | M30: 29 | P30: 29 | S30: 29 | V30: 29 | Y30: 29 | AB30: 29 | AE30: 29 | AH30: 29
A31: 30 | D31: 30 | G31: 30 | J31: 30 | M31: 30 | P31: 30 | S31: 30 | V31: 30 | Y31: 30 | AB31: 30 | AE31: 30 | AH31: 30
A32: 31 | D32: 31 | G32: 31 | J32: 31 | M32: 31 | P32: 31 | S32: 31 | V32: 31 | Y32: 31 | AB32: 31 | AE32: 31 | AH32: 31
A35: Total | B35: =SUM(B2:B34) | E35: =SUM(E2:E27) | H35: =SUM(H2:H34) | K35: =SUM(K2:K34) | N35: =SUM(N2:N34) | Q35: =SUM(Q2:Q34) | T35: =SUM(T2:T34) | W35: =SUM(W2:W34) | Z35: =SUM(Z2:Z34) | AC35: =SUM(AC2:AC34) | AF35: =SUM(AF2:AF34) | AI35: =SUM(AI2:AI34)

Sheet Wed Thu RIC
A1: January | D1: February | G1: March | J1: April | M1: May | P1: Jun | S1: Jul | V1: Aug | Y1: Sep | AB1: Oct | AE1: Nov | AH1: Dec
A2: 1 | D2: 1 | G2: 1 | J2: 1 | M2: 1 | P2: 1 | S2: 1 | V2: 1 | Y2: 1 | AB2: 1 | AE2: 1 | AH2: 1
A3: 2 | D3: 2 | G3: 2 | J3: 2 | M3: 2 | P3: 2 | S3: 2 | V3: 2 | Y3: 2 | AB3: 2 | AE3: 2 | AH3: 2
A4: 3 | D4: 3 | G4: 3 | J4: 3 | M4: 3 | P4: 3 | S4: 3 | V4: 3 | Y4: 3 | AB4: 3 | AE4: 3 | AH4: 3
A5: 4 | D5: 4 | G5: 4 | H5: -3880 | J5: 4 | M5: 4 | P5: 4 | S5: 4 | V5: 4 | Y5: 4 | AB5: 4 | AE5: 4 | AH5: 4
A6: 5 | D6: 5 | G6: 5 | J6: 5 | M6: 5 | P6: 5 | S6: 5 | V6: 5 | Y6: 5 | AB6: 5 | AE6: 5 | AH6: 5
A7: 6 | D7: 6 | G7: 6 | J7: 6 | M7: 6 | P7: 6 | S7: 6 | V7: 6 | Y7: 6 | AB7: 6 | AE7: 6 | AH7: 6
A8: 7 | D8: 7 | G8: 7 | J8: 7 | M8: 7 | P8: 7 | S8: 7 | V8: 7 | Y8: 7 | AB8: 7 | AE8: 7 | AH8: 7
A9: 8 | D9: 8 | G9: 8 | J9: 8 | M9: 8 | P9: 8 | S9: 8 | V9: 8 | Y9: 8 | AB9: 8 | AE9: 8 | AH9: 8
A10: 9 | D10: 9 | G10: 9 | J10: 9 | M10: 9 | P10: 9 | S10: 9 | V10: 9 | Y10: 9 | AB10: 9 | AE10: 9 | AH10: 9
A11: 10 | D11: 10 | G11: 10 | J11: 10 | M11: 10 | P11: 10 | S11: 10 | V11: 10 | Y11: 10 | AB11: 10 | AE11: 10 | AH11: 10
A12: 11 | D12: 11 | G12: 11 | H12: -175 | J12: 11 | M12: 11 | P12: 11 | S12: 11 | V12: 11 | Y12: 11 | AB12: 11 | AE12: 11 | AH12: 11
A13: 12 | D13: 12 | G13: 12 | J13: 12 | M13: 12 | P13: 12 | S13: 12 | V13: 12 | Y13: 12 | AB13: 12 | AE13: 12 | AH13: 12
A14: 13 | D14: 13 | G14: 13 | J14: 13 | M14: 13 | P14: 13 | S14: 13 | V14: 13 | Y14: 13 | AB14: 13 | AE14: 13 | AH14: 13
A15: 14 | D15: 14 | G15: 14 | J15: 14 | M15: 14 | P15: 14 | S15: 14 | V15: 14 | Y15: 14 | AB15: 14 | AE15: 14 | AH15: 14
A16: 15 | D16: 15 | G16: 15 | J16: 15 | M16: 15 | P16: 15 | S16: 15 | V16: 15 | Y16: 15 | AB16: 15 | AE16: 15 | AH16: 15
A17: 16 | D17: 16 | G17: 16 | J17: 16 | M17: 16 | P17: 16 | S17: 16 | V17: 16 | Y17: 16 | AB17: 16 | AE17: 16 | AH17: 16
A18: 17 | D18: 17 | G18: 17 | J18: 17 | M18: 17 | P18: 17 | S18: 17 | V18: 17 | Y18: 17 | AB18: 17 | AE18: 17 | AH18: 17
A19: 18 | D19: 18 | E19: 220 | G19: 18 | J19: 18 | M19: 18 | P19: 18 | S19: 18 | V19: 18 | Y19: 18 | AB19: 18 | AE19: 18 | AH19: 18
A20: 19 | D20: 19 | G20: 19 | J20: 19 | M20: 19 | P20: 19 | S20: 19 | V20: 19 | Y20: 19 | AB20: 19 | AE20: 19 | AH20: 19
A21: 20 | D21: 20 | G21: 20 | J21: 20 | M21: 20 | P21: 20 | S21: 20 | V21: 20 | Y21: 20 | AB21: 20 | AE21: 20 | AH21: 20
A22: 21 | B22: 1665 | D22: 21 | G22: 21 | J22: 21 | M22: 21 | P22: 21 | S22: 21 | V22: 21 | Y22: 21 | AB22: 21 | AE22: 21 | AH22: 21
A23: 22 | B23: -2130 | D23: 22 | G23: 22 | J23: 22 | M23: 22 | P23: 22 | S23: 22 | V23: 22 | Y23: 22 | AB23: 22 | AE23: 22 | AH23: 22
A24: 23 | D24: 23 | G24: 23 | J24: 23 | M24: 23 | P24: 23 | S24: 23 | V24: 23 | Y24: 23 | AB24: 23 | AE24: 23 | AH24: 23
A25: 24 | D25: 24 | G25: 24 | J25: 24 | M25: 24 | P25: 24 | S25: 24 | V25: 24 | Y25: 24 | AB25: 24 | AE25: 24 | AH25: 24
A26: 25 | D26: 25 | G26: 25 | J26: 25 | M26: 25 | P26: 25 | S26: 25 | V26: 25 | Y26: 25 | AB26: 25 | AE26: 25 | AH26: 25
A27: 26 | D27: 26 | G27: 26 | J27: 26 | M27: 26 | P27: 26 | S27: 26 | V27: 26 | Y27: 26 | AB27: 26 | AE27: 26 | AH27: 26
A28: 27 | D28: 27 | G28: 27 | J28: 27 | M28: 27 | P28: 27 | S28: 27 | V28: 27 | Y28: 27 | AB28: 27 | AE28: 27 | AH28: 27
A29: 28 | D29: 28 | G29: 28 | J29: 28 | M29: 28 | P29: 28 | S29: 28 | V29: 28 | Y29: 28 | AB29: 28 | AE29: 28 | AH29: 28
A30: 29 | D30: 29 | G30: 29 | J30: 29 | M30: 29 | P30: 29 | S30: 29 | V30: 29 | Y30: 29 | AB30: 29 | AE30: 29 | AH30: 29
A31: 30 | D31: 30 | G31: 30 | J31: 30 | M31: 30 | P31: 30 | S31: 30 | V31: 30 | Y31: 30 | AB31: 30 | AE31: 30 | AH31: 30
A32: 31 | D32: 31 | G32: 31 | J32: 31 | M32: 31 | P32: 31 | S32: 31 | V32: 31 | Y32: 31 | AB32: 31 | AE32: 31 | AH32: 31
A35: Total | B35: =SUM(B2:B34) | E35: =SUM(E2:E27) | H35: =SUM(H2:H34) | K35: =SUM(K2:K34) | N35: =SUM(N2:N34) | Q35: =SUM(Q2:Q34) | T35: =SUM(T2:T34) | W35: =SUM(W2:W34) | Z35: =SUM(Z2:Z34) | AC35: =SUM(AC2:AC34) | AF35: =SUM(AF2:AF34) | AI35: =SUM(AI2:AI34)

Sheet Lottery
A1: January | D1: February | G1: March | J1: April | M1: May | P1: Jun | S1: Jul | V1: Aug | Y1: Sep | AB1: Oct | AE1: Nov | AH1: Dec
A2: 1 | D2: 1 | G2: 1 | J2: 1 | M2: 1 | P2: 1 | S2: 1 | V2: 1 | Y2: 1 | AB2: 1 | AE2: 1 | AH2: 1
A3: 2 | D3: 2 | G3: 2 | J3: 2 | M3: 2 | P3: 2 | S3: 2 | V3: 2 | Y3: 2 | AB3: 2 | AE3: 2 | AH3: 2
A4: 3 | D4: 3 | G4: 3 | J4: 3 | M4: 3 | P4: 3 | S4: 3 | V4: 3 | Y4: 3 | AB4: 3 | AE4: 3 | AH4: 3
A5: 4 | D5: 4 | G5: 4 | J5: 4 | M5: 4 | P5: 4 | S5: 4 | V5: 4 | Y5: 4 | AB5: 4 | AE5: 4 | AH5: 4
A6: 5 | D6: 5 | G6: 5 | J6: 5 | M6: 5 | P6: 5 | S6: 5 | V6: 5 | Y6: 5 | AB6: 5 | AE6: 5 | AH6: 5
A7: 6 | D7: 6 | G7: 6 | J7: 6 | M7: 6 | P7: 6 | S7: 6 | V7: 6 | Y7: 6 | AB7: 6 | AE7: 6 | AH7: 6
A8: 7 | D8: 7 | G8: 7 | J8: 7 | M8: 7 | P8: 7 | S8: 7 | V8: 7 | Y8: 7 | AB8: 7 | AE8: 7 | AH8: 7
A9: 8 | D9: 8 | G9: 8 | J9: 8 | M9: 8 | P9: 8 | S9: 8 | V9: 8 | Y9: 8 | AB9: 8 | AE9: 8 | AH9: 8
A10: 9 | D10: 9 | G10: 9 | J10: 9 | M10: 9 | P10: 9 | S10: 9 | V10: 9 | Y10: 9 | AB10: 9 | AE10: 9 | AH10: 9
A11: 10 | D11: 10 | G11: 10 | J11: 10 | M11: 10 | P11: 10 | S11: 10 | V11: 10 | Y11: 10 | AB11: 10 | AE11: 10 | AH11: 10
A12: 11 | D12: 11 | G12: 11 | J12: 11 | M12: 11 | P12: 11 | S12: 11 | V12: 11 | Y12: 11 | AB12: 11 | AE12: 11 | AH12: 11
A13: 12 | D13: 12 | E13: -385 | G13: 12 | J13: 12 | M13: 12 | P13: 12 | S13: 12 | V13: 12 | Y13: 12 | AB13: 12 | AE13: 12 | AH13: 12
A14: 13 | D14: 13 | G14: 13 | J14: 13 | M14: 13 | P14: 13 | S14: 13 | V14: 13 | Y14: 13 | AB14: 13 | AE14: 13 | AH14: 13
A15: 14 | D15: 14 | G15: 14 | J15: 14 | M15: 14 | P15: 14 | S15: 14 | V15: 14 | Y15: 14 | AB15: 14 | AE15: 14 | AH15: 14
A16: 15 | D16: 15 | G16: 15 | J16: 15 | M16: 15 | P16: 15 | S16: 15 | V16: 15 | Y16: 15 | AB16: 15 | AE16: 15 | AH16: 15
A17: 16 | D17: 16 | G17: 16 | J17: 16 | M17: 16 | P17: 16 | S17: 16 | V17: 16 | Y17: 16 | AB17: 16 | AE17: 16 | AH17: 16
A18: 17 | D18: 17 | G18: 17 | J18: 17 | M18: 17 | P18: 17 | S18: 17 | V18: 17 | Y18: 17 | AB18: 17 | AE18: 17 | AH18: 17
A19: 18 | D19: 18 | G19: 18 | J19: 18 | M19: 18 | P19: 18 | S19: 18 | V19: 18 | Y19: 18 | AB19: 18 | AE19: 18 | AH19: 18
A20: 19 | D20: 19 | G20: 19 | J20: 19 | M20: 19 | P20: 19 | S20: 19 | V20: 19 | Y20: 19 | AB20: 19 | AE20: 19 | AH20: 19
A21: 20 | D21: 20 | G21: 20 | J21: 20 | M21: 20 | P21: 20 | S21: 20 | V21: 20 | Y21: 20 | AB21: 20 | AE21: 20 | AH21: 20
A22: 21 | D22: 21 | G22: 21 | J22: 21 | M22: 21 | P22: 21 | S22: 21 | V22: 21 | Y22: 21 | AB22: 21 | AE22: 21 | AH22: 21
A23: 22 | B23: -720 | D23: 22 | G23: 22 | J23: 22 | M23: 22 | P23: 22 | S23: 22 | V23: 22 | Y23: 22 | AB23: 22 | AE23: 22 | AH23: 22
A24: 23 | D24: 23 | G24: 23 | J24: 23 | M24: 23 | P24: 23 | S24: 23 | V24: 23 | Y24: 23 | AB24: 23 | AE24: 23 | AH24: 23
A25: 24 | D25: 24 | G25: 24 | J25: 24 | M25: 24 | P25: 24 | S25: 24 | V25: 24 | Y25: 24 | AB25: 24 | AE25: 24 | AH25: 24
A26: 25 | D26: 25 | G26: 25 | J26: 25 | M26: 25 | P26: 25 | S26: 25 | V26: 25 | Y26: 25 | AB26: 25 | AE26: 25 | AH26: 25
A27: 26 | D27: 26 | G27: 26 | J27: 26 | M27: 26 | P27: 26 | S27: 26 | V27: 26 | Y27: 26 | AB27: 26 | AE27: 26 | AH27: 26
A28: 27 | D28: 27 | G28: 27 | J28: 27 | M28: 27 | P28: 27 | S28: 27 | V28: 27 | Y28: 27 | AB28: 27 | AE28: 27 | AH28: 27
A29: 28 | D29: 28 | G29: 28 | J29: 28 | M29: 28 | P29: 28 | S29: 28 | V29: 28 | Y29: 28 | AB29: 28 | AE29: 28 | AH29: 28
A30: 29 | D30: 29 | G30: 29 | J30: 29 | M30: 29 | P30: 29 | S30: 29 | V30: 29 | Y30: 29 | AB30: 29 | AE30: 29 | AH30: 29
A31: 30 | D31: 30 | G31: 30 | J31: 30 | M31: 30 | P31: 30 | S31: 30 | V31: 30 | Y31: 30 | AB31: 30 | AE31: 30 | AH31: 30
A32: 31 | D32: 31 | G32: 31 | J32: 31 | M32: 31 | P32: 31 | S32: 31 | V32: 31 | Y32: 31 | AB32: 31 | AE32: 31 | AH32: 31
A35: Total | B35: =SUM(B2:B34) | E35: =SUM(E2:E27) | H35: =SUM(H2:H34) | K35: =SUM(K2:K34) | N35: =SUM(N2:N34) | Q35: =SUM(Q2:Q34) | T35: =SUM(T2:T34) | W35: =SUM(W2:W34) | Z35: =SUM(Z2:Z34) | AC35: =SUM(AC2:AC34) | AF35: =SUM(AF2:AF34) | AI35: =SUM(AI2:AI34)

Sheet MOC IC
A1: January | D1: February | G1: March | J1: April | M1: May | P1: Jun | S1: Jul | V1: Aug | Y1: Sep | AB1: Oct | AE1: Nov | AH1: Dec
A2: 1 | D2: 1 | G2: 1 | J2: 1 | M2: 1 | P2: 1 | S2: 1 | V2: 1 | Y2: 1 | AB2: 1 | AE2: 1 | AH2: 1
A3: 2 | D3: 2 | G3: 2 | J3: 2 | M3: 2 | P3: 2 | S3: 2 | V3: 2 | Y3: 2 | AB3: 2 | AE3: 2 | AH3: 2
A4: 3 | D4: 3 | E4: 1280 | G4: 3 | J4: 3 | M4: 3 | P4: 3 | S4: 3 | V4: 3 | Y4: 3 | AB4: 3 | AE4: 3 | AH4: 3
A5: 4 | D5: 4 | E5: 1954 | G5: 4 | H5: -670 | J5: 4 | M5: 4 | P5: 4 | S5: 4 | V5: 4 | Y5: 4 | AB5: 4 | AE5: 4 | AH5: 4
A6: 5 | D6: 5 | G6: 5 | H6: 557 | J6: 5 | M6: 5 | P6: 5 | S6: 5 | V6: 5 | Y6: 5 | AB6: 5 | AE6: 5 | AH6: 5
A7: 6 | D7: 6 | E7: -600 | G7: 6 | H7: 2269 | J7: 6 | M7: 6 | P7: 6 | S7: 6 | V7: 6 | Y7: 6 | AB7: 6 | AE7: 6 | AH7: 6
A8: 7 | B8: 1198 | D8: 7 | G8: 7 | J8: 7 | M8: 7 | P8: 7 | S8: 7 | V8: 7 | Y8: 7 | AB8: 7 | AE8: 7 | AH8: 7
A9: 8 | B9: 99 | D9: 8 | G9: 8 | J9: 8 | M9: 8 | P9: 8 | S9: 8 | V9: 8 | Y9: 8 | AB9: 8 | AE9: 8 | AH9: 8
A10: 9 | B10: -718 | D10: 9 | G10: 9 | H10: -1276 | J10: 9 | M10: 9 | P10: 9 | S10: 9 | V10: 9 | Y10: 9 | AB10: 9 | AE10: 9 | AH10: 9
A11: 10 | D11: 10 | G11: 10 | J11: 10 | M11: 10 | P11: 10 | S11: 10 | V11: 10 | Y11: 10 | AB11: 10 | AE11: 10 | AH11: 10
A12: 11 | D12: 11 | E12: -318 | G12: 11 | H12: 1250 | J12: 11 | M12: 11 | P12: 11 | S12: 11 | V12: 11 | Y12: 11 | AB12: 11 | AE12: 11 | AH12: 11
A13: 12 | D13: 12 | G13: 12 | J13: 12 | M13: 12 | P13: 12 | S13: 12 | V13: 12 | Y13: 12 | AB13: 12 | AE13: 12 | AH13: 12
A14: 13 | D14: 13 | E14: 734 | G14: 13 | H14: 1112.5 | J14: 13 | M14: 13 | P14: 13 | S14: 13 | V14: 13 | Y14: 13 | AB14: 13 | AE14: 13 | AH14: 13
A15: 14 | B15: 790 | D15: 14 | G15: 14 | J15: 14 | M15: 14 | P15: 14 | S15: 14 | V15: 14 | Y15: 14 | AB15: 14 | AE15: 14 | AH15: 14
A16: 15 | B16: 708 | D16: 15 | G16: 15 | J16: 15 | M16: 15 | P16: 15 | S16: 15 | V16: 15 | Y16: 15 | AB16: 15 | AE16: 15 | AH16: 15
A17: 16 | B17: 42 | D17: 16 | G17: 16 | H17: 1345 | J17: 16 | M17: 16 | P17: 16 | S17: 16 | V17: 16 | Y17: 16 | AB17: 16 | AE17: 16 | AH17: 16
A18: 17 | D18: 17 | G18: 17 | H18: 672 | J18: 17 | M18: 17 | P18: 17 | S18: 17 | V18: 17 | Y18: 17 | AB18: 17 | AE18: 17 | AH18: 17
A19: 18 | D19: 18 | E19: -1592 | G19: 18 | H19: 865 | J19: 18 | M19: 18 | P19: 18 | S19: 18 | V19: 18 | Y19: 18 | AB19: 18 | AE19: 18 | AH19: 18
A20: 19 | D20: 19 | G20: 19 | H20: 1162 | J20: 19 | M20: 19 | P20: 19 | S20: 19 | V20: 19 | Y20: 19 | AB20: 19 | AE20: 19 | AH20: 19
A21: 20 | B21: 557 | D21: 20 | E21: 1440 | G21: 20 | H21: 2830 | J21: 20 | M21: 20 | P21: 20 | S21: 20 | V21: 20 | Y21: 20 | AB21: 20 | AE21: 20 | AH21: 20
A22: 21 | B22: 1098 | D22: 21 | G22: 21 | J22: 21 | M22: 21 | P22: 21 | S22: 21 | V22: 21 | Y22: 21 | AB22: 21 | AE22: 21 | AH22: 21
A23: 22 | D23: 22 | G23: 22 | J23: 22 | M23: 22 | P23: 22 | S23: 22 | V23: 22 | Y23: 22 | AB23: 22 | AE23: 22 | AH23: 22
A24: 23 | D24: 23 | G24: 23 | H24: 750 | J24: 23 | M24: 23 | P24: 23 | S24: 23 | V24: 23 | Y24: 23 | AB24: 23 | AE24: 23 | AH24: 23
A25: 24 | D25: 24 | E25: 853 | G25: 24 | H25: 440 | J25: 24 | M25: 24 | P25: 24 | S25: 24 | V25: 24 | Y25: 24 | AB25: 24 | AE25: 24 | AH25: 24
A26: 25 | D26: 25 | E26: 506 | G26: 25 | H26: 1770 | J26: 25 | M26: 25 | P26: 25 | S26: 25 | V26: 25 | Y26: 25 | AB26: 25 | AE26: 25 | AH26: 25
A27: 26 | D27: 26 | G27: 26 | H27: 580 | J27: 26 | M27: 26 | P27: 26 | S27: 26 | V27: 26 | Y27: 26 | AB27: 26 | AE27: 26 | AH27: 26
A28: 27 | D28: 27 | E28: -706 | G28: 27 | H28: 2870 | J28: 27 | M28: 27 | P28: 27 | S28: 27 | V28: 27 | Y28: 27 | AB28: 27 | AE28: 27 | AH28: 27
A29: 28 | D29: 28 | G29: 28 | J29: 28 | M29: 28 | P29: 28 | S29: 28 | V29: 28 | Y29: 28 | AB29: 28 | AE29: 28 | AH29: 28
A30: 29 | D30: 29 | G30: 29 | J30: 29 | M30: 29 | P30: 29 | S30: 29 | V30: 29 | Y30: 29 | AB30: 29 | AE30: 29 | AH30: 29
A31: 30 | D31: 30 | G31: 30 | H31: 141 | J31: 30 | M31: 30 | P31: 30 | S31: 30 | V31: 30 | Y31: 30 | AB31: 30 | AE31: 30 | AH31: 30
A32: 31 | D32: 31 | G32: 31 | H32: 57.5 | J32: 31 | M32: 31 | P32: 31 | S32: 31 | V32: 31 | Y32: 31 | AB32: 31 | AE32: 31 | AH32: 31
A35: Total | B35: =SUM(B2:B34) | E35: =SUM(E2:E27) | H35: =SUM(H2:H34) | K35: =SUM(K2:K34) | N35: =SUM(N2:N34) | Q35: =SUM(Q2:Q34) | T35: =SUM(T2:T34) | W35: =SUM(W2:W34) | Z35: =SUM(Z2:Z34) | AC35: =SUM(AC2:AC34) | AF35: =SUM(AF2:AF34) | AI35: =SUM(AI2:AI34)

Sheet WUGA
A1: January | D1: February | G1: March | J1: April | M1: May | P1: Jun | S1: Jul | V1: Aug | Y1: Sep | AB1: Oct | AE1: Nov | AH1: Dec
A2: 1 | D2: 1 | G2: 1 | J2: 1 | M2: 1 | P2: 1 | S2: 1 | V2: 1 | Y2: 1 | AB2: 1 | AE2: 1 | AH2: 1
A3: 2 | B3: 630 | D3: 2 | G3: 2 | J3: 2 | M3: 2 | P3: 2 | S3: 2 | V3: 2 | Y3: 2 | AB3: 2 | AE3: 2 | AH3: 2
A4: 3 | D4: 3 | G4: 3 | J4: 3 | M4: 3 | P4: 3 | S4: 3 | V4: 3 | Y4: 3 | AB4: 3 | AE4: 3 | AH4: 3
A5: 4 | D5: 4 | E5: 270 | G5: 4 | J5: 4 | M5: 4 | P5: 4 | S5: 4 | V5: 4 | Y5: 4 | AB5: 4 | AE5: 4 | AH5: 4
A6: 5 | B6: 820 | D6: 5 | E6: -100 | G6: 5 | J6: 5 | M6: 5 | P6: 5 | S6: 5 | V6: 5 | Y6: 5 | AB6: 5 | AE6: 5 | AH6: 5
A7: 6 | D7: 6 | G7: 6 | J7: 6 | M7: 6 | P7: 6 | S7: 6 | V7: 6 | Y7: 6 | AB7: 6 | AE7: 6 | AH7: 6
A8: 7 | B8: -2790 | D8: 7 | G8: 7 | J8: 7 | M8: 7 | P8: 7 | S8: 7 | V8: 7 | Y8: 7 | AB8: 7 | AE8: 7 | AH8: 7
A9: 8 | D9: 8 | G9: 8 | J9: 8 | M9: 8 | P9: 8 | S9: 8 | V9: 8 | Y9: 8 | AB9: 8 | AE9: 8 | AH9: 8
A10: 9 | D10: 9 | G10: 9 | J10: 9 | M10: 9 | P10: 9 | S10: 9 | V10: 9 | Y10: 9 | AB10: 9 | AE10: 9 | AH10: 9
A11: 10 | D11: 10 | E11: 425 | G11: 10 | J11: 10 | M11: 10 | P11: 10 | S11: 10 | V11: 10 | Y11: 10 | AB11: 10 | AE11: 10 | AH11: 10
A12: 11 | D12: 11 | E12: -990 | G12: 11 | J12: 11 | M12: 11 | P12: 11 | S12: 11 | V12: 11 | Y12: 11 | AB12: 11 | AE12: 11 | AH12: 11
A13: 12 | D13: 12 | G13: 12 | J13: 12 | M13: 12 | P13: 12 | S13: 12 | V13: 12 | Y13: 12 | AB13: 12 | AE13: 12 | AH13: 12
A14: 13 | B14: 1045 | D14: 13 | E14: -120 | G14: 13 | H14: -115 | J14: 13 | M14: 13 | P14: 13 | S14: 13 | V14: 13 | Y14: 13 | AB14: 13 | AE14: 13 | AH14: 13
A15: 14 | B15: -880 | D15: 14 | G15: 14 | J15: 14 | M15: 14 | P15: 14 | S15: 14 | V15: 14 | Y15: 14 | AB15: 14 | AE15: 14 | AH15: 14
A16: 15 | D16: 15 | G16: 15 | J16: 15 | M16: 15 | P16: 15 | S16: 15 | V16: 15 | Y16: 15 | AB16: 15 | AE16: 15 | AH16: 15
A17: 16 | B17: 616 | D17: 16 | G17: 16 | J17: 16 | M17: 16 | P17: 16 | S17: 16 | V17: 16 | Y17: 16 | AB17: 16 | AE17: 16 | AH17: 16
A18: 17 | D18: 17 | G18: 17 | J18: 17 | M18: 17 | P18: 17 | S18: 17 | V18: 17 | Y18: 17 | AB18: 17 | AE18: 17 | AH18: 17
A19: 18 | D19: 18 | G19: 18 | J19: 18 | M19: 18 | P19: 18 | S19: 18 | V19: 18 | Y19: 18 | AB19: 18 | AE19: 18 | AH19: 18
A20: 19 | D20: 19 | E20: -390 | G20: 19 | J20: 19 | M20: 19 | P20: 19 | S20: 19 | V20: 19 | Y20: 19 | AB20: 19 | AE20: 19 | AH20: 19
A21: 20 | B21: 992 | D21: 20 | G21: 20 | J21: 20 | M21: 20 | P21: 20 | S21: 20 | V21: 20 | Y21: 20 | AB21: 20 | AE21: 20 | AH21: 20
A22: 21 | B22: -1430 | D22: 21 | G22: 21 | J22: 21 | M22: 21 | P22: 21 | S22: 21 | V22: 21 | Y22: 21 | AB22: 21 | AE22: 21 | AH22: 21
A23: 22 | D23: 22 | G23: 22 | J23: 22 | M23: 22 | P23: 22 | S23: 22 | V23: 22 | Y23: 22 | AB23: 22 | AE23: 22 | AH23: 22
A24: 23 | B24: 1410 | D24: 23 | G24: 23 | J24: 23 | M24: 23 | P24: 23 | S24: 23 | V24: 23 | Y24: 23 | AB24: 23 | AE24: 23 | AH24: 23
A25: 24 | D25: 24 | G25: 24 | H25: 820 | J25: 24 | M25: 24 | P25: 24 | S25: 24 | V25: 24 | Y25: 24 | AB25: 24 | AE25: 24 | AH25: 24
A26: 25 | D26: 25 | G26: 25 | J26: 25 | M26: 25 | P26: 25 | S26: 25 | V26: 25 | Y26: 25 | AB26: 25 | AE26: 25 | AH26: 25
A27: 26 | D27: 26 | G27: 26 | J27: 26 | M27: 26 | P27: 26 | S27: 26 | V27: 26 | Y27: 26 | AB27: 26 | AE27: 26 | AH27: 26
A28: 27 | D28: 27 | G28: 27 | J28: 27 | M28: 27 | P28: 27 | S28: 27 | V28: 27 | Y28: 27 | AB28: 27 | AE28: 27 | AH28: 27
A29: 28 | D29: 28 | G29: 28 | J29: 28 | M29: 28 | P29: 28 | S29: 28 | V29: 28 | Y29: 28 | AB29: 28 | AE29: 28 | AH29: 28
A30: 29 | B30: -1025 | D30: 29 | G30: 29 | J30: 29 | M30: 29 | P30: 29 | S30: 29 | V30: 29 | Y30: 29 | AB30: 29 | AE30: 29 | AH30: 29
A31: 30 | D31: 30 | G31: 30 | J31: 30 | M31: 30 | P31: 30 | S31: 30 | V31: 30 | Y31: 30 | AB31: 30 | AE31: 30 | AH31: 30
A32: 31 | D32: 31 | G32: 31 | J32: 31 | M32: 31 | P32: 31 | S32: 31 | V32: 31 | Y32: 31 | AB32: 31 | AE32: 31 | AH32: 31
A35: Total | B35: =SUM(B2:B34) | E35: =SUM(E2:E27) | H35: =SUM(H2:H34) | K35: =SUM(K2:K34) | N35: =SUM(N2:N34) | Q35: =SUM(Q2:Q34) | T35: =SUM(T2:T34) | W35: =SUM(W2:W34) | Z35: =SUM(Z2:Z34) | AC35: =SUM(AC2:AC34) | AF35: =SUM(AF2:AF34) | AI35: =SUM(AI2:AI34)

Sheet MT BF
A1: January | D1: February | G1: March | J1: April | M1: May | P1: Jun | S1: Jul | V1: Aug | Y1: Sep | AB1: Oct | AE1: Nov | AH1: Dec
A2: 1 | D2: 1 | G2: 1 | J2: 1 | M2: 1 | P2: 1 | S2: 1 | V2: 1 | Y2: 1 | AB2: 1 | AE2: 1 | AH2: 1
A3: 2 | B3: -1531 | D3: 2 | G3: 2 | J3: 2 | M3: 2 | P3: 2 | S3: 2 | V3: 2 | Y3: 2 | AB3: 2 | AE3: 2 | AH3: 2
A4: 3 | D4: 3 | G4: 3 | J4: 3 | M4: 3 | P4: 3 | S4: 3 | V4: 3 | Y4: 3 | AB4: 3 | AE4: 3 | AH4: 3
A5: 4 | D5: 4 | G5: 4 | J5: 4 | M5: 4 | P5: 4 | S5: 4 | V5: 4 | Y5: 4 | AB5: 4 | AE5: 4 | AH5: 4
A6: 5 | D6: 5 | G6: 5 | J6: 5 | M6: 5 | P6: 5 | S6: 5 | V6: 5 | Y6: 5 | AB6: 5 | AE6: 5 | AH6: 5
A7: 6 | D7: 6 | E7: -9255 | G7: 6 | H7: 1409 | J7: 6 | M7: 6 | P7: 6 | S7: 6 | V7: 6 | Y7: 6 | AB7: 6 | AE7: 6 | AH7: 6
A8: 7 | D8: 7 | G8: 7 | J8: 7 | M8: 7 | P8: 7 | S8: 7 | V8: 7 | Y8: 7 | AB8: 7 | AE8: 7 | AH8: 7
A9: 8 | D9: 8 | G9: 8 | J9: 8 | M9: 8 | P9: 8 | S9: 8 | V9: 8 | Y9: 8 | AB9: 8 | AE9: 8 | AH9: 8
A10: 9 | B10: 2936 | D10: 9 | G10: 9 | J10: 9 | M10: 9 | P10: 9 | S10: 9 | V10: 9 | Y10: 9 | AB10: 9 | AE10: 9 | AH10: 9
A11: 10 | D11: 10 | G11: 10 | J11: 10 | M11: 10 | P11: 10 | S11: 10 | V11: 10 | Y11: 10 | AB11: 10 | AE11: 10 | AH11: 10
A12: 11 | D12: 11 | G12: 11 | J12: 11 | M12: 11 | P12: 11 | S12: 11 | V12: 11 | Y12: 11 | AB12: 11 | AE12: 11 | AH12: 11
A13: 12 | D13: 12 | G13: 12 | J13: 12 | M13: 12 | P13: 12 | S13: 12 | V13: 12 | Y13: 12 | AB13: 12 | AE13: 12 | AH13: 12
A14: 13 | D14: 13 | E14: 417 | G14: 13 | H14: -77.5 | J14: 13 | M14: 13 | P14: 13 | S14: 13 | V14: 13 | Y14: 13 | AB14: 13 | AE14: 13 | AH14: 13
A15: 14 | D15: 14 | G15: 14 | J15: 14 | M15: 14 | P15: 14 | S15: 14 | V15: 14 | Y15: 14 | AB15: 14 | AE15: 14 | AH15: 14
A16: 15 | D16: 15 | G16: 15 | J16: 15 | M16: 15 | P16: 15 | S16: 15 | V16: 15 | Y16: 15 | AB16: 15 | AE16: 15 | AH16: 15
A17: 16 | B17: 296 | D17: 16 | G17: 16 | J17: 16 | M17: 16 | P17: 16 | S17: 16 | V17: 16 | Y17: 16 | AB17: 16 | AE17: 16 | AH17: 16
A18: 17 | D18: 17 | G18: 17 | J18: 17 | M18: 17 | P18: 17 | S18: 17 | V18: 17 | Y18: 17 | AB18: 17 | AE18: 17 | AH18: 17
A19: 18 | D19: 18 | G19: 18 | J19: 18 | M19: 18 | P19: 18 | S19: 18 | V19: 18 | Y19: 18 | AB19: 18 | AE19: 18 | AH19: 18
A20: 19 | D20: 19 | G20: 19 | J20: 19 | M20: 19 | P20: 19 | S20: 19 | V20: 19 | Y20: 19 | AB20: 19 | AE20: 19 | AH20: 19
A21: 20 | D21: 20 | E21: 1169 | G21: 20 | H21: -528 | J21: 20 | M21: 20 | P21: 20 | S21: 20 | V21: 20 | Y21: 20 | AB21: 20 | AE21: 20 | AH21: 20
A22: 21 | D22: 21 | G22: 21 | J22: 21 | M22: 21 | P22: 21 | S22: 21 | V22: 21 | Y22: 21 | AB22: 21 | AE22: 21 | AH22: 21
A23: 22 | D23: 22 | G23: 22 | J23: 22 | M23: 22 | P23: 22 | S23: 22 | V23: 22 | Y23: 22 | AB23: 22 | AE23: 22 | AH23: 22
A24: 23 | B24: 3007 | D24: 23 | G24: 23 | J24: 23 | M24: 23 | P24: 23 | S24: 23 | V24: 23 | Y24: 23 | AB24: 23 | AE24: 23 | AH24: 23
A25: 24 | D25: 24 | G25: 24 | J25: 24 | M25: 24 | P25: 24 | S25: 24 | V25: 24 | Y25: 24 | AB25: 24 | AE25: 24 | AH25: 24
A26: 25 | D26: 25 | G26: 25 | J26: 25 | M26: 25 | P26: 25 | S26: 25 | V26: 25 | Y26: 25 | AB26: 25 | AE26: 25 | AH26: 25
A27: 26 | D27: 26 | G27: 26 | J27: 26 | M27: 26 | P27: 26 | S27: 26 | V27: 26 | Y27: 26 | AB27: 26 | AE27: 26 | AH27: 26
A28: 27 | D28: 27 | E28: 1260 | G28: 27 | H28: -1325 | J28: 27 | M28: 27 | P28: 27 | S28: 27 | V28: 27 | Y28: 27 | AB28: 27 | AE28: 27 | AH28: 27
A29: 28 | D29: 28 | G29: 28 | J29: 28 | M29: 28 | P29: 28 | S29: 28 | V29: 28 | Y29: 28 | AB29: 28 | AE29: 28 | AH29: 28
A30: 29 | D30: 29 | G30: 29 | J30: 29 | M30: 29 | P30: 29 | S30: 29 | V30: 29 | Y30: 29 | AB30: 29 | AE30: 29 | AH30: 29
A31: 30 | B31: 1569 | D31: 30 | G31: 30 | J31: 30 | M31: 30 | P31: 30 | S31: 30 | V31: 30 | Y31: 30 | AB31: 30 | AE31: 30 | AH31: 30
A32: 31 | D32: 31 | G32: 31 | J32: 31 | M32: 31 | P32: 31 | S32: 31 | V32: 31 | Y32: 31 | AB32: 31 | AE32: 31 | AH32: 31
A35: Total | B35: =SUM(B2:B34) | E35: =SUM(E2:E32) | H35: =SUM(H2:H34) | K35: =SUM(K2:K34) | N35: =SUM(N2:N34) | Q35: =SUM(Q2:Q34) | T35: =SUM(T2:T34) | W35: =SUM(W2:W34) | Z35: =SUM(Z2:Z34) | AC35: =SUM(AC2:AC34) | AF35: =SUM(AF2:AF34) | AI35: =SUM(AI2:AI34)

Sheet Umbrella
A1: January | D1: February | G1: March | J1: April | M1: May | P1: Jun | S1: Jul | V1: Aug | Y1: Sep | AB1: Oct | AE1: Nov | AH1: Dec
A2: 1 | D2: 1 | G2: 1 | J2: 1 | M2: 1 | P2: 1 | S2: 1 | V2: 1 | Y2: 1 | AB2: 1 | AE2: 1 | AH2: 1
A3: 2 | B3: 1003 | D3: 2 | E3: 3900 | G3: 2 | H3: 5415 | J3: 2 | M3: 2 | P3: 2 | S3: 2 | V3: 2 | Y3: 2 | AB3: 2 | AE3: 2 | AH3: 2
A4: 3 | D4: 3 | G4: 3 | H4: 4745 | J4: 3 | M4: 3 | P4: 3 | S4: 3 | V4: 3 | Y4: 3 | AB4: 3 | AE4: 3 | AH4: 3
A5: 4 | D5: 4 | E5: 6125 | G5: 4 | J5: 4 | M5: 4 | P5: 4 | S5: 4 | V5: 4 | Y5: 4 | AB5: 4 | AE5: 4 | AH5: 4
A6: 5 | B6: 2330 | D6: 5 | E6: 4605 | G6: 5 | H6: 4875 | J6: 5 | M6: 5 | P6: 5 | S6: 5 | V6: 5 | Y6: 5 | AB6: 5 | AE6: 5 | AH6: 5
A7: 6 | B7: 252 | D7: 6 | E7: -1910 | G7: 6 | H7: 4474 | J7: 6 | M7: 6 | P7: 6 | S7: 6 | V7: 6 | Y7: 6 | AB7: 6 | AE7: 6 | AH7: 6
A8: 7 | B8: -148 | D8: 7 | G8: 7 | J8: 7 | M8: 7 | P8: 7 | S8: 7 | V8: 7 | Y8: 7 | AB8: 7 | AE8: 7 | AH8: 7
A9: 8 | B9: 2845 | D9: 8 | G9: 8 | J9: 8 | M9: 8 | P9: 8 | S9: 8 | V9: 8 | Y9: 8 | AB9: 8 | AE9: 8 | AH9: 8
A10: 9 | B10: 2068 | D10: 9 | E10: 4190 | G10: 9 | H10: -20955 | J10: 9 | M10: 9 | P10: 9 | S10: 9 | V10: 9 | Y10: 9 | AB10: 9 | AE10: 9 | AH10: 9
A11: 10 | D11: 10 | G11: 10 | J11: 10 | M11: 10 | P11: 10 | S11: 10 | V11: 10 | Y11: 10 | AB11: 10 | AE11: 10 | AH11: 10
A12: 11 | D12: 11 | G12: 11 | J12: 11 | M12: 11 | P12: 11 | S12: 11 | V12: 11 | Y12: 11 | AB12: 11 | AE12: 11 | AH12: 11
A13: 12 | B13: 2570 | D13: 12 | G13: 12 | H13: 4900 | J13: 12 | M13: 12 | P13: 12 | S13: 12 | V13: 12 | Y13: 12 | AB13: 12 | AE13: 12 | AH13: 12
A14: 13 | D14: 13 | E14: 1600 | G14: 13 | H14: 5120 | J14: 13 | M14: 13 | P14: 13 | S14: 13 | V14: 13 | Y14: 13 | AB14: 13 | AE14: 13 | AH14: 13
A15: 14 | B15: 2165 | D15: 14 | G15: 14 | J15: 14 | M15: 14 | P15: 14 | S15: 14 | V15: 14 | Y15: 14 | AB15: 14 | AE15: 14 | AH15: 14
A16: 15 | D16: 15 | G16: 15 | J16: 15 | M16: 15 | P16: 15 | S16: 15 | V16: 15 | Y16: 15 | AB16: 15 | AE16: 15 | AH16: 15
A17: 16 | B17: 1446 | D17: 16 | G17: 16 | J17: 16 | M17: 16 | P17: 16 | S17: 16 | V17: 16 | Y17: 16 | AB17: 16 | AE17: 16 | AH17: 16
A18: 17 | D18: 17 | E18: 4365 | G18: 17 | J18: 17 | M18: 17 | P18: 17 | S18: 17 | V18: 17 | Y18: 17 | AB18: 17 | AE18: 17 | AH18: 17
A19: 18 | D19: 18 | G19: 18 | J19: 18 | M19: 18 | P19: 18 | S19: 18 | V19: 18 | Y19: 18 | AB19: 18 | AE19: 18 | AH19: 18
A20: 19 | D20: 19 | E20: 5070 | G20: 19 | H20: 4905 | J20: 19 | M20: 19 | P20: 19 | S20: 19 | V20: 19 | Y20: 19 | AB20: 19 | AE20: 19 | AH20: 19
A21: 20 | B21: -13725 | D21: 20 | E21: 4682 | G21: 20 | H21: -2506 | J21: 20 | M21: 20 | P21: 20 | S21: 20 | V21: 20 | Y21: 20 | AB21: 20 | AE21: 20 | AH21: 20
A22: 21 | D22: 21 | G22: 21 | J22: 21 | M22: 21 | P22: 21 | S22: 21 | V22: 21 | Y22: 21 | AB22: 21 | AE22: 21 | AH22: 21
A23: 22 | D23: 22 | G23: 22 | J23: 22 | M23: 22 | P23: 22 | S23: 22 | V23: 22 | Y23: 22 | AB23: 22 | AE23: 22 | AH23: 22
A24: 23 | B24: 4935 | D24: 23 | E24: -4445 | G24: 23 | J24: 23 | M24: 23 | P24: 23 | S24: 23 | V24: 23 | Y24: 23 | AB24: 23 | AE24: 23 | AH24: 23
A25: 24 | D25: 24 | E25: 4900 | G25: 24 | H25: 5580 | J25: 24 | M25: 24 | P25: 24 | S25: 24 | V25: 24 | Y25: 24 | AB25: 24 | AE25: 24 | AH25: 24
A26: 25 | D26: 25 | G26: 25 | J26: 25 | M26: 25 | P26: 25 | S26: 25 | V26: 25 | Y26: 25 | AB26: 25 | AE26: 25 | AH26: 25
A27: 26 | B27: 3110 | D27: 26 | E27: 5640 | G27: 26 | H27: -19795 | J27: 26 | M27: 26 | P27: 26 | S27: 26 | V27: 26 | Y27: 26 | AB27: 26 | AE27: 26 | AH27: 26
A28: 27 | D28: 27 | E28: 710 | G28: 27 | H28: -830 | J28: 27 | M28: 27 | P28: 27 | S28: 27 | V28: 27 | Y28: 27 | AB28: 27 | AE28: 27 | AH28: 27
A29: 28 | D29: 28 | G29: 28 | J29: 28 | M29: 28 | P29: 28 | S29: 28 | V29: 28 | Y29: 28 | AB29: 28 | AE29: 28 | AH29: 28
A30: 29 | B30: -1192 | D30: 29 | G30: 29 | J30: 29 | M30: 29 | P30: 29 | S30: 29 | V30: 29 | Y30: 29 | AB30: 29 | AE30: 29 | AH30: 29
A31: 30 | B31: 4915 | D31: 30 | G31: 30 | J31: 30 | M31: 30 | P31: 30 | S31: 30 | V31: 30 | Y31: 30 | AB31: 30 | AE31: 30 | AH31: 30
A32: 31 | D32: 31 | G32: 31 | J32: 31 | M32: 31 | P32: 31 | S32: 31 | V32: 31 | Y32: 31 | AB32: 31 | AE32: 31 | AH32: 31
A35: Total | B35: =SUM(B2:B34) | E35: =SUM(E2:E28) | H35: =SUM(H2:H34) | K35: =SUM(K2:K34) | N35: =SUM(N2:N34) | Q35: =SUM(Q2:Q34) | T35: =SUM(T2:T34) | W35: =SUM(W2:W34) | Z35: =SUM(Z2:Z34) | AC35: =SUM(AC2:AC34) | AF35: =SUM(AF2:AF34) | AI35: =SUM(AI2:AI34)

Sheet PM Umbrella
A1: January | D1: February | G1: March | J1: April | M1: May | P1: Jun | S1: Jul | V1: Aug | Y1: Sep | AB1: Oct | AE1: Nov | AH1: Dec
A2: 1 | D2: 1 | G2: 1 | J2: 1 | M2: 1 | P2: 1 | S2: 1 | V2: 1 | Y2: 1 | AB2: 1 | AE2: 1 | AH2: 1
A3: 2 | B3: -2470 | D3: 2 | E3: -1870 | G3: 2 | H3: 3315 | J3: 2 | M3: 2 | P3: 2 | S3: 2 | V3: 2 | Y3: 2 | AB3: 2 | AE3: 2 | AH3: 2
A4: 3 | D4: 3 | E4: -680 | G4: 3 | H4: 1386 | J4: 3 | M4: 3 | P4: 3 | S4: 3 | V4: 3 | Y4: 3 | AB4: 3 | AE4: 3 | AH4: 3
A5: 4 | D5: 4 | E5: -2450 | G5: 4 | J5: 4 | M5: 4 | P5: 4 | S5: 4 | V5: 4 | Y5: 4 | AB5: 4 | AE5: 4 | AH5: 4
A6: 5 | D6: 5 | E6: 30 | G6: 5 | H6: -2170 | J6: 5 | M6: 5 | P6: 5 | S6: 5 | V6: 5 | Y6: 5 | AB6: 5 | AE6: 5 | AH6: 5
A7: 6 | B7: -1690 | D7: 6 | E7: -1445 | G7: 6 | J7: 6 | M7: 6 | P7: 6 | S7: 6 | V7: 6 | Y7: 6 | AB7: 6 | AE7: 6 | AH7: 6
A8: 7 | D8: 7 | G8: 7 | J8: 7 | M8: 7 | P8: 7 | S8: 7 | V8: 7 | Y8: 7 | AB8: 7 | AE8: 7 | AH8: 7
A9: 8 | B9: 2630 | D9: 8 | G9: 8 | J9: 8 | M9: 8 | P9: 8 | S9: 8 | V9: 8 | Y9: 8 | AB9: 8 | AE9: 8 | AH9: 8
A10: 9 | B10: 1630 | D10: 9 | E10: 1960 | G10: 9 | J10: 9 | M10: 9 | P10: 9 | S10: 9 | V10: 9 | Y10: 9 | AB10: 9 | AE10: 9 | AH10: 9
A11: 10 | D11: 10 | E11: -375 | G11: 10 | H11: -3910 | J11: 10 | M11: 10 | P11: 10 | S11: 10 | V11: 10 | Y11: 10 | AB11: 10 | AE11: 10 | AH11: 10
A12: 11 | D12: 11 | G12: 11 | J12: 11 | M12: 11 | P12: 11 | S12: 11 | V12: 11 | Y12: 11 | AB12: 11 | AE12: 11 | AH12: 11
A13: 12 | B13: 1380 | D13: 12 | G13: 12 | H13: 140 | J13: 12 | M13: 12 | P13: 12 | S13: 12 | V13: 12 | Y13: 12 | AB13: 12 | AE13: 12 | AH13: 12
A14: 13 | B14: 40 | D14: 13 | E14: -170 | G14: 13 | J14: 13 | M14: 13 | P14: 13 | S14: 13 | V14: 13 | Y14: 13 | AB14: 13 | AE14: 13 | AH14: 13
A15: 14 | B15: -3885 | D15: 14 | G15: 14 | J15: 14 | M15: 14 | P15: 14 | S15: 14 | V15: 14 | Y15: 14 | AB15: 14 | AE15: 14 | AH15: 14
A16: 15 | B16: -6500 | D16: 15 | G16: 15 | J16: 15 | M16: 15 | P16: 15 | S16: 15 | V16: 15 | Y16: 15 | AB16: 15 | AE16: 15 | AH16: 15
A17: 16 | B17: 865 | D17: 16 | G17: 16 | H17: 2130 | J17: 16 | M17: 16 | P17: 16 | S17: 16 | V17: 16 | Y17: 16 | AB17: 16 | AE17: 16 | AH17: 16
A18: 17 | D18: 17 | E18: 1755 | G18: 17 | H18: 3025 | J18: 17 | M18: 17 | P18: 17 | S18: 17 | V18: 17 | Y18: 17 | AB18: 17 | AE18: 17 | AH18: 17
A19: 18 | D19: 18 | G19: 18 | J19: 18 | M19: 18 | P19: 18 | S19: 18 | V19: 18 | Y19: 18 | AB19: 18 | AE19: 18 | AH19: 18
A20: 19 | D20: 19 | E20: 1950 | G20: 19 | H20: -2980 | J20: 19 | M20: 19 | P20: 19 | S20: 19 | V20: 19 | Y20: 19 | AB20: 19 | AE20: 19 | AH20: 19
A21: 20 | B21: -2730 | D21: 20 | E21: 565 | G21: 20 | J21: 20 | M21: 20 | P21: 20 | S21: 20 | V21: 20 | Y21: 20 | AB21: 20 | AE21: 20 | AH21: 20
A22: 21 | D22: 21 | G22: 21 | J22: 21 | M22: 21 | P22: 21 | S22: 21 | V22: 21 | Y22: 21 | AB22: 21 | AE22: 21 | AH22: 21
A23: 22 | D23: 22 | G23: 22 | J23: 22 | M23: 22 | P23: 22 | S23: 22 | V23: 22 | Y23: 22 | AB23: 22 | AE23: 22 | AH23: 22
A24: 23 | B24: 1585 | D24: 23 | E24: -715 | G24: 23 | H24: 2330 | J24: 23 | M24: 23 | P24: 23 | S24: 23 | V24: 23 | Y24: 23 | AB24: 23 | AE24: 23 | AH24: 23
A25: 24 | D25: 24 | E25: 2410 | G25: 24 | J25: 24 | M25: 24 | P25: 24 | S25: 24 | V25: 24 | Y25: 24 | AB25: 24 | AE25: 24 | AH25: 24
A26: 25 | D26: 25 | G26: 25 | J26: 25 | M26: 25 | P26: 25 | S26: 25 | V26: 25 | Y26: 25 | AB26: 25 | AE26: 25 | AH26: 25
A27: 26 | B27: 1090 | D27: 26 | E27: -2370 | G27: 26 | J27: 26 | M27: 26 | P27: 26 | S27: 26 | V27: 26 | Y27: 26 | AB27: 26 | AE27: 26 | AH27: 26
A28: 27 | B28: 1670 | D28: 27 | E28: 110 | G28: 27 | J28: 27 | M28: 27 | P28: 27 | S28: 27 | V28: 27 | Y28: 27 | AB28: 27 | AE28: 27 | AH28: 27
A29: 28 | D29: 28 | G29: 28 | J29: 28 | M29: 28 | P29: 28 | S29: 28 | V29: 28 | Y29: 28 | AB29: 28 | AE29: 28 | AH29: 28
A30: 29 | B30: -320 | D30: 29 | G30: 29 | J30: 29 | M30: 29 | P30: 29 | S30: 29 | V30: 29 | Y30: 29 | AB30: 29 | AE30: 29 | AH30: 29
A31: 30 | B31: -805 | D31: 30 | G31: 30 | J31: 30 | M31: 30 | P31: 30 | S31: 30 | V31: 30 | Y31: 30 | AB31: 30 | AE31: 30 | AH31: 30
A32: 31 | D32: 31 | G32: 31 | J32: 31 | M32: 31 | P32: 31 | S32: 31 | V32: 31 | Y32: 31 | AB32: 31 | AE32: 31 | AH32: 31
A35: Total | B35: =SUM(B2:B34) | E35: =SUM(E2:E28) | H35: =SUM(H2:H34) | K35: =SUM(K2:K34) | N35: =SUM(N2:N34) | Q35: =SUM(Q2:Q34) | T35: =SUM(T2:T34) | W35: =SUM(W2:W34) | Z35: =SUM(Z2:Z34) | AC35: =SUM(AC2:AC34) | AF35: =SUM(AF2:AF34) | AI35: =SUM(AI2:AI34)

Sheet Vol Crush
A1: January | D1: February | G1: March | J1: April | M1: May | P1: Jun | S1: Jul | V1: Aug | Y1: Sep | AB1: Oct | AE1: Nov | AH1: Dec
A2: 1 | D2: 1 | G2: 1 | J2: 1 | M2: 1 | P2: 1 | S2: 1 | V2: 1 | Y2: 1 | AB2: 1 | AE2: 1 | AH2: 1
A3: 2 | D3: 2 | G3: 2 | J3: 2 | M3: 2 | P3: 2 | S3: 2 | V3: 2 | Y3: 2 | AB3: 2 | AE3: 2 | AH3: 2
A4: 3 | D4: 3 | G4: 3 | J4: 3 | M4: 3 | P4: 3 | S4: 3 | V4: 3 | Y4: 3 | AB4: 3 | AE4: 3 | AH4: 3
A5: 4 | D5: 4 | G5: 4 | H5: 1715 | J5: 4 | M5: 4 | P5: 4 | S5: 4 | V5: 4 | Y5: 4 | AB5: 4 | AE5: 4 | AH5: 4
A6: 5 | D6: 5 | G6: 5 | J6: 5 | M6: 5 | P6: 5 | S6: 5 | V6: 5 | Y6: 5 | AB6: 5 | AE6: 5 | AH6: 5
A7: 6 | D7: 6 | G7: 6 | J7: 6 | M7: 6 | P7: 6 | S7: 6 | V7: 6 | Y7: 6 | AB7: 6 | AE7: 6 | AH7: 6
A8: 7 | D8: 7 | G8: 7 | J8: 7 | M8: 7 | P8: 7 | S8: 7 | V8: 7 | Y8: 7 | AB8: 7 | AE8: 7 | AH8: 7
A9: 8 | D9: 8 | G9: 8 | J9: 8 | M9: 8 | P9: 8 | S9: 8 | V9: 8 | Y9: 8 | AB9: 8 | AE9: 8 | AH9: 8
A10: 9 | D10: 9 | G10: 9 | J10: 9 | M10: 9 | P10: 9 | S10: 9 | V10: 9 | Y10: 9 | AB10: 9 | AE10: 9 | AH10: 9
A11: 10 | D11: 10 | G11: 10 | H11: -2520 | J11: 10 | M11: 10 | P11: 10 | S11: 10 | V11: 10 | Y11: 10 | AB11: 10 | AE11: 10 | AH11: 10
A12: 11 | D12: 11 | G12: 11 | J12: 11 | M12: 11 | P12: 11 | S12: 11 | V12: 11 | Y12: 11 | AB12: 11 | AE12: 11 | AH12: 11
A13: 12 | D13: 12 | G13: 12 | J13: 12 | M13: 12 | P13: 12 | S13: 12 | V13: 12 | Y13: 12 | AB13: 12 | AE13: 12 | AH13: 12
A14: 13 | D14: 13 | G14: 13 | J14: 13 | M14: 13 | P14: 13 | S14: 13 | V14: 13 | Y14: 13 | AB14: 13 | AE14: 13 | AH14: 13
A15: 14 | D15: 14 | G15: 14 | J15: 14 | M15: 14 | P15: 14 | S15: 14 | V15: 14 | Y15: 14 | AB15: 14 | AE15: 14 | AH15: 14
A16: 15 | D16: 15 | G16: 15 | J16: 15 | M16: 15 | P16: 15 | S16: 15 | V16: 15 | Y16: 15 | AB16: 15 | AE16: 15 | AH16: 15
A17: 16 | D17: 16 | G17: 16 | H17: -1294 | J17: 16 | M17: 16 | P17: 16 | S17: 16 | V17: 16 | Y17: 16 | AB17: 16 | AE17: 16 | AH17: 16
A18: 17 | D18: 17 | G18: 17 | J18: 17 | M18: 17 | P18: 17 | S18: 17 | V18: 17 | Y18: 17 | AB18: 17 | AE18: 17 | AH18: 17
A19: 18 | D19: 18 | E19: -1905 | G19: 18 | J19: 18 | M19: 18 | P19: 18 | S19: 18 | V19: 18 | Y19: 18 | AB19: 18 | AE19: 18 | AH19: 18
A20: 19 | D20: 19 | G20: 19 | J20: 19 | M20: 19 | P20: 19 | S20: 19 | V20: 19 | Y20: 19 | AB20: 19 | AE20: 19 | AH20: 19
A21: 20 | D21: 20 | G21: 20 | J21: 20 | M21: 20 | P21: 20 | S21: 20 | V21: 20 | Y21: 20 | AB21: 20 | AE21: 20 | AH21: 20
A22: 21 | D22: 21 | G22: 21 | J22: 21 | M22: 21 | P22: 21 | S22: 21 | V22: 21 | Y22: 21 | AB22: 21 | AE22: 21 | AH22: 21
A23: 22 | D23: 22 | G23: 22 | J23: 22 | M23: 22 | P23: 22 | S23: 22 | V23: 22 | Y23: 22 | AB23: 22 | AE23: 22 | AH23: 22
A24: 23 | D24: 23 | G24: 23 | H24: -25 | J24: 23 | M24: 23 | P24: 23 | S24: 23 | V24: 23 | Y24: 23 | AB24: 23 | AE24: 23 | AH24: 23
A25: 24 | D25: 24 | G25: 24 | J25: 24 | M25: 24 | P25: 24 | S25: 24 | V25: 24 | Y25: 24 | AB25: 24 | AE25: 24 | AH25: 24
A26: 25 | D26: 25 | E26: 4280 | G26: 25 | J26: 25 | M26: 25 | P26: 25 | S26: 25 | V26: 25 | Y26: 25 | AB26: 25 | AE26: 25 | AH26: 25
A27: 26 | D27: 26 | G27: 26 | J27: 26 | M27: 26 | P27: 26 | S27: 26 | V27: 26 | Y27: 26 | AB27: 26 | AE27: 26 | AH27: 26
A28: 27 | D28: 27 | G28: 27 | J28: 27 | M28: 27 | P28: 27 | S28: 27 | V28: 27 | Y28: 27 | AB28: 27 | AE28: 27 | AH28: 27
A29: 28 | D29: 28 | G29: 28 | J29: 28 | M29: 28 | P29: 28 | S29: 28 | V29: 28 | Y29: 28 | AB29: 28 | AE29: 28 | AH29: 28
A30: 29 | D30: 29 | G30: 29 | J30: 29 | M30: 29 | P30: 29 | S30: 29 | V30: 29 | Y30: 29 | AB30: 29 | AE30: 29 | AH30: 29
A31: 30 | D31: 30 | G31: 30 | J31: 30 | M31: 30 | P31: 30 | S31: 30 | V31: 30 | Y31: 30 | AB31: 30 | AE31: 30 | AH31: 30
A32: 31 | D32: 31 | G32: 31 | J32: 31 | M32: 31 | P32: 31 | S32: 31 | V32: 31 | Y32: 31 | AB32: 31 | AE32: 31 | AH32: 31
A35: Total | B35: =SUM(B2:B34) | E35: =SUM(E2:E27) | H35: =SUM(H2:H34) | K35: =SUM(K2:K34) | N35: =SUM(N2:N34) | Q35: =SUM(Q2:Q34) | T35: =SUM(T2:T34) | W35: =SUM(W2:W34) | Z35: =SUM(Z2:Z34) | AC35: =SUM(AC2:AC34) | AF35: =SUM(AF2:AF34) | AI35: =SUM(AI2:AI34)

Sheet Lunch Vol C Umb
A1: January | D1: February | G1: March | J1: April | M1: May | P1: Jun | S1: Jul | V1: Aug | Y1: Sep | AB1: Oct | AE1: Nov | AH1: Dec
A2: 1 | D2: 1 | G2: 1 | J2: 1 | M2: 1 | P2: 1 | S2: 1 | V2: 1 | Y2: 1 | AB2: 1 | AE2: 1 | AH2: 1
A3: 2 | D3: 2 | G3: 2 | J3: 2 | M3: 2 | P3: 2 | S3: 2 | V3: 2 | Y3: 2 | AB3: 2 | AE3: 2 | AH3: 2
A4: 3 | D4: 3 | G4: 3 | J4: 3 | M4: 3 | P4: 3 | S4: 3 | V4: 3 | Y4: 3 | AB4: 3 | AE4: 3 | AH4: 3
A5: 4 | D5: 4 | G5: 4 | J5: 4 | M5: 4 | P5: 4 | S5: 4 | V5: 4 | Y5: 4 | AB5: 4 | AE5: 4 | AH5: 4
A6: 5 | D6: 5 | G6: 5 | J6: 5 | M6: 5 | P6: 5 | S6: 5 | V6: 5 | Y6: 5 | AB6: 5 | AE6: 5 | AH6: 5
A7: 6 | D7: 6 | G7: 6 | J7: 6 | M7: 6 | P7: 6 | S7: 6 | V7: 6 | Y7: 6 | AB7: 6 | AE7: 6 | AH7: 6
A8: 7 | D8: 7 | G8: 7 | J8: 7 | M8: 7 | P8: 7 | S8: 7 | V8: 7 | Y8: 7 | AB8: 7 | AE8: 7 | AH8: 7
A9: 8 | D9: 8 | G9: 8 | J9: 8 | M9: 8 | P9: 8 | S9: 8 | V9: 8 | Y9: 8 | AB9: 8 | AE9: 8 | AH9: 8
A10: 9 | D10: 9 | G10: 9 | J10: 9 | M10: 9 | P10: 9 | S10: 9 | V10: 9 | Y10: 9 | AB10: 9 | AE10: 9 | AH10: 9
A11: 10 | D11: 10 | E11: -460 | G11: 10 | J11: 10 | M11: 10 | P11: 10 | S11: 10 | V11: 10 | Y11: 10 | AB11: 10 | AE11: 10 | AH11: 10
A12: 11 | D12: 11 | E12: 1205 | G12: 11 | J12: 11 | M12: 11 | P12: 11 | S12: 11 | V12: 11 | Y12: 11 | AB12: 11 | AE12: 11 | AH12: 11
A13: 12 | D13: 12 | G13: 12 | J13: 12 | M13: 12 | P13: 12 | S13: 12 | V13: 12 | Y13: 12 | AB13: 12 | AE13: 12 | AH13: 12
A14: 13 | D14: 13 | G14: 13 | J14: 13 | M14: 13 | P14: 13 | S14: 13 | V14: 13 | Y14: 13 | AB14: 13 | AE14: 13 | AH14: 13
A15: 14 | D15: 14 | G15: 14 | J15: 14 | M15: 14 | P15: 14 | S15: 14 | V15: 14 | Y15: 14 | AB15: 14 | AE15: 14 | AH15: 14
A16: 15 | D16: 15 | G16: 15 | J16: 15 | M16: 15 | P16: 15 | S16: 15 | V16: 15 | Y16: 15 | AB16: 15 | AE16: 15 | AH16: 15
A17: 16 | D17: 16 | G17: 16 | J17: 16 | M17: 16 | P17: 16 | S17: 16 | V17: 16 | Y17: 16 | AB17: 16 | AE17: 16 | AH17: 16
A18: 17 | D18: 17 | G18: 17 | J18: 17 | M18: 17 | P18: 17 | S18: 17 | V18: 17 | Y18: 17 | AB18: 17 | AE18: 17 | AH18: 17
A19: 18 | D19: 18 | E19: 740 | G19: 18 | J19: 18 | M19: 18 | P19: 18 | S19: 18 | V19: 18 | Y19: 18 | AB19: 18 | AE19: 18 | AH19: 18
A20: 19 | D20: 19 | G20: 19 | J20: 19 | M20: 19 | P20: 19 | S20: 19 | V20: 19 | Y20: 19 | AB20: 19 | AE20: 19 | AH20: 19
A21: 20 | D21: 20 | G21: 20 | J21: 20 | M21: 20 | P21: 20 | S21: 20 | V21: 20 | Y21: 20 | AB21: 20 | AE21: 20 | AH21: 20
A22: 21 | D22: 21 | G22: 21 | J22: 21 | M22: 21 | P22: 21 | S22: 21 | V22: 21 | Y22: 21 | AB22: 21 | AE22: 21 | AH22: 21
A23: 22 | D23: 22 | G23: 22 | J23: 22 | M23: 22 | P23: 22 | S23: 22 | V23: 22 | Y23: 22 | AB23: 22 | AE23: 22 | AH23: 22
A24: 23 | D24: 23 | G24: 23 | J24: 23 | M24: 23 | P24: 23 | S24: 23 | V24: 23 | Y24: 23 | AB24: 23 | AE24: 23 | AH24: 23
A25: 24 | D25: 24 | G25: 24 | J25: 24 | M25: 24 | P25: 24 | S25: 24 | V25: 24 | Y25: 24 | AB25: 24 | AE25: 24 | AH25: 24
A26: 25 | D26: 25 | G26: 25 | J26: 25 | M26: 25 | P26: 25 | S26: 25 | V26: 25 | Y26: 25 | AB26: 25 | AE26: 25 | AH26: 25
A27: 26 | D27: 26 | G27: 26 | J27: 26 | M27: 26 | P27: 26 | S27: 26 | V27: 26 | Y27: 26 | AB27: 26 | AE27: 26 | AH27: 26
A28: 27 | D28: 27 | G28: 27 | J28: 27 | M28: 27 | P28: 27 | S28: 27 | V28: 27 | Y28: 27 | AB28: 27 | AE28: 27 | AH28: 27
A29: 28 | D29: 28 | G29: 28 | J29: 28 | M29: 28 | P29: 28 | S29: 28 | V29: 28 | Y29: 28 | AB29: 28 | AE29: 28 | AH29: 28
A30: 29 | D30: 29 | G30: 29 | J30: 29 | M30: 29 | P30: 29 | S30: 29 | V30: 29 | Y30: 29 | AB30: 29 | AE30: 29 | AH30: 29
A31: 30 | D31: 30 | G31: 30 | J31: 30 | M31: 30 | P31: 30 | S31: 30 | V31: 30 | Y31: 30 | AB31: 30 | AE31: 30 | AH31: 30
A32: 31 | D32: 31 | G32: 31 | J32: 31 | M32: 31 | P32: 31 | S32: 31 | V32: 31 | Y32: 31 | AB32: 31 | AE32: 31 | AH32: 31
A35: Total | E35: =SUM(E2:E27) | H35: =SUM(H2:H34) | K35: =SUM(K2:K34) | N35: =SUM(N2:N34) | Q35: =SUM(Q2:Q34) | T35: =SUM(T2:T34) | W35: =SUM(W2:W34) | Z35: =SUM(Z2:Z34) | AC35: =SUM(AC2:AC34) | AF35: =SUM(AF2:AF34) | AI35: =SUM(AI2:AI34)

Sheet Total
A1: January | D1: February | F1: /ES | G1: Mar | I1: /ES | J1: Apr | L1: /ES | M1: May | P1: Jun | S1: Jul | V1: Aug | Y1: Sep | AB1: Oct | AE1: Nov | AH1: Dec
A2: 46023 | D2: 45689 | G2: 45717 | J2: 45748 | M2: 45778 | P2: 45810 | S2: 45839 | V2: 38565 | Y2: 38596 | AB2: 38626 | AE2: 38657 | AH2: 45992
A3: 46024 | B3: ='All BICs'!B3+'Price Action IC'!B3+Verticals!B3+'Auto JSP'!B3+'MOC IC'!B3+WUGA!B3+'MT BF'!B3+Umbrella!B3+'PM Umbrella'!B3+FOMC!B3+'Vol Crush'!B3+'FOMC Meeting'!B3+LDOM!B3 | D3: 45690 | E3: ='All BICs'!E3+'Price Action IC'!E3+Verticals!E3+'Auto JSP'!E3+'MOC IC'!E3+WUGA!E3+'MT BF'!E3+Umbrella!E3+'PM Umbrella'!E3+FOMC!E3+'Vol Crush'!E3+'FOMC Meeting'!E3+LDOM!E3 | G3: 45718 | H3: ='All BICs'!H3+'Price Action IC'!H3+Verticals!H3+'Auto JSP'!H3+'Wed Thu RIC'!H3+Lottery!H3+'MOC IC'!H3+WUGA!H3+'MT BF'!H3+Umbrella!H3+'PM Umbrella'!H3+'Vol Crush'!H3+'Lunch Vol C Umb'!H3+LDOM!H3 | J3: 45749 | M3: 45779 | P3: 45811 | S3: 45840 | V3: 38566 | Y3: 38597 | AB3: 38627 | AE3: 38658 | AH3: 45993
A4: 46025 | D4: 45691 | E4: ='All BICs'!E4+'Price Action IC'!E4+Verticals!E4+'Auto JSP'!E4+'MOC IC'!E4+WUGA!E4+'MT BF'!E4+Umbrella!E4+'PM Umbrella'!E4+FOMC!E4+'Vol Crush'!E4+'FOMC Meeting'!E4+LDOM!E4 | G4: 45719 | H4: ='All BICs'!H4+'Price Action IC'!H4+Verticals!H4+'Auto JSP'!H4+'Wed Thu RIC'!H4+Lottery!H4+'MOC IC'!H4+WUGA!H4+'MT BF'!H4+Umbrella!H4+'PM Umbrella'!H4+'Vol Crush'!H4+'Lunch Vol C Umb'!H4+LDOM!H4 | J4: 45750 | M4: 45780 | P4: 45812 | S4: 45841 | V4: 38567 | Y4: 38598 | AB4: 38628 | AE4: 38659 | AH4: 45994
A5: 46026 | D5: 45692 | E5: ='All BICs'!E5+'Price Action IC'!E5+Verticals!E5+'Auto JSP'!E5+'MOC IC'!E5+WUGA!E5+'MT BF'!E5+Umbrella!E5+'PM Umbrella'!E5+FOMC!E5+'Vol Crush'!E5+'FOMC Meeting'!E5+LDOM!E5 | G5: 45720 | H5: ='All BICs'!H5+'Price Action IC'!H5+Verticals!H5+'Auto JSP'!H5+'Wed Thu RIC'!H5+Lottery!H5+'MOC IC'!H5+WUGA!H5+'MT BF'!H5+Umbrella!H5+'PM Umbrella'!H5+'Vol Crush'!H5+'Lunch Vol C Umb'!H5+LDOM!H5 | J5: 45751 | M5: 45781 | P5: 45813 | S5: 45842 | V5: 38568 | Y5: 38599 | AB5: 38629 | AE5: 38660 | AH5: 45995
A6: 46027 | B6: ='All BICs'!B6+'Price Action IC'!B6+Verticals!B6+'Auto JSP'!B6+'MOC IC'!B6+WUGA!B6+'MT BF'!B6+Umbrella!B6+'PM Umbrella'!B6+FOMC!B6+'Vol Crush'!B6+'FOMC Meeting'!B6+LDOM!B6 | D6: 45693 | E6: ='All BICs'!E6+'Price Action IC'!E6+Verticals!E6+'Auto JSP'!E6+'MOC IC'!E6+WUGA!E6+'MT BF'!E6+Umbrella!E6+'PM Umbrella'!E6+FOMC!E6+'Vol Crush'!E6+'FOMC Meeting'!E6+LDOM!E6 | G6: 45721 | H6: ='All BICs'!H6+'Price Action IC'!H6+Verticals!H6+'Auto JSP'!H6+'Wed Thu RIC'!H6+Lottery!H6+'MOC IC'!H6+WUGA!H6+'MT BF'!H6+Umbrella!H6+'PM Umbrella'!H6+'Vol Crush'!H6+'Lunch Vol C Umb'!H6+LDOM!H6 | J6: 45752 | M6: 45782 | P6: 45814 | S6: 45843 | V6: 38569 | Y6: 38600 | AB6: 38630 | AE6: 38661 | AH6: 45996
A7: 46028 | B7: ='All BICs'!B7+'Price Action IC'!B7+Verticals!B7+'Auto JSP'!B7+'MOC IC'!B7+WUGA!B7+'MT BF'!B7+Umbrella!B7+'PM Umbrella'!B7+FOMC!B7+'Vol Crush'!B7+'FOMC Meeting'!B7+LDOM!B7 | D7: 45694 | E7: ='All BICs'!E7+'Price Action IC'!E7+Verticals!E7+'Auto JSP'!E7+'MOC IC'!E7+WUGA!E7+'MT BF'!E7+Umbrella!E7+'PM Umbrella'!E7+FOMC!E7+'Vol Crush'!E7+'FOMC Meeting'!E7+LDOM!E7 | G7: 45722 | H7: ='All BICs'!H7+'Price Action IC'!H7+Verticals!H7+'Auto JSP'!H7+'Wed Thu RIC'!H7+Lottery!H7+'MOC IC'!H7+WUGA!H7+'MT BF'!H7+Umbrella!H7+'PM Umbrella'!H7+'Vol Crush'!H7+'Lunch Vol C Umb'!H7+LDOM!H7 | J7: 45753 | M7: 45783 | P7: 45815 | S7: 45844 | V7: 38570 | Y7: 38601 | AB7: 38631 | AE7: 38662 | AH7: 45997
A8: 46029 | B8: ='All BICs'!B8+'Price Action IC'!B8+Verticals!B8+'Auto JSP'!B8+'MOC IC'!B8+WUGA!B8+'MT BF'!B8+Umbrella!B8+'PM Umbrella'!B8+FOMC!B8+'Vol Crush'!B8+'FOMC Meeting'!B8+LDOM!B8 | D8: 45695 | G8: 45723 | J8: 45754 | M8: 45784 | P8: 45816 | S8: 45845 | V8: 38571 | Y8: 38602 | AB8: 38632 | AE8: 38663 | AH8: 45998
A9: 46030 | B9: ='All BICs'!B9+'Price Action IC'!B9+Verticals!B9+'Auto JSP'!B9+'MOC IC'!B9+WUGA!B9+'MT BF'!B9+Umbrella!B9+'PM Umbrella'!B9+FOMC!B9+'Vol Crush'!B9+'FOMC Meeting'!B9+LDOM!B9 | D9: 45696 | G9: 45724 | J9: 45755 | M9: 45785 | P9: 45817 | S9: 45846 | V9: 38572 | Y9: 38603 | AB9: 38633 | AE9: 38664 | AH9: 45999
A10: 46031 | B10: ='All BICs'!B10+'Price Action IC'!B10+Verticals!B10+'Auto JSP'!B10+'MOC IC'!B10+WUGA!B10+'MT BF'!B10+Umbrella!B10+'PM Umbrella'!B10+FOMC!B10+'Vol Crush'!B10+'FOMC Meeting'!B10+LDOM!B10 | D10: 45697 | E10: ='All BICs'!E10+'Price Action IC'!E10+Verticals!E10+'Auto JSP'!E10+'MOC IC'!E10+WUGA!E10+'MT BF'!E10+Umbrella!E10+'PM Umbrella'!E10+FOMC!E10+'Vol Crush'!E10+'FOMC Meeting'!E10+LDOM!E10 | G10: 45725 | H10: ='All BICs'!H10+'Price Action IC'!H10+Verticals!H10+'Auto JSP'!H10+'Wed Thu RIC'!H10+Lottery!H10+'MOC IC'!H10+WUGA!H10+'MT BF'!H10+Umbrella!H10+'PM Umbrella'!H10+'Vol Crush'!H10+'Lunch Vol C Umb'!H10+LDOM!H10 | J10: 45756 | M10: 45786 | P10: 45818 | S10: 45847 | V10: 38573 | Y10: 38604 | AB10: 38634 | AE10: 38665 | AH10: 46000
A11: 46032 | D11: 45698 | E11: ='All BICs'!E11+'Price Action IC'!E11+Verticals!E11+'Auto JSP'!E11+'MOC IC'!E11+WUGA!E11+'MT BF'!E11+Umbrella!E11+'PM Umbrella'!E11+FOMC!E11+'Vol Crush'!E11+'FOMC Meeting'!E11+LDOM!E11+'Lunch Vol C Umb'!E11 | G11: 45726 | H11: ='All BICs'!H11+'Price Action IC'!H11+Verticals!H11+'Auto JSP'!H11+'Wed Thu RIC'!H11+Lottery!H11+'MOC IC'!H11+WUGA!H11+'MT BF'!H11+Umbrella!H11+'PM Umbrella'!H11+'Vol Crush'!H11+'Lunch Vol C Umb'!H11+LDOM!H11 | J11: 45757 | M11: 45787 | P11: 45819 | S11: 45848 | V11: 38574 | Y11: 38605 | AB11: 38635 | AE11: 38666 | AH11: 46001
A12: 46033 | D12: 45699 | E12: ='All BICs'!E12+'Price Action IC'!E12+Verticals!E12+'Auto JSP'!E12+'MOC IC'!E12+WUGA!E12+'MT BF'!E12+Umbrella!E12+'PM Umbrella'!E12+FOMC!E12+'Vol Crush'!E12+'FOMC Meeting'!E12+LDOM!E12+'Lunch Vol C Umb'!E12 | G12: 45727 | H12: ='All BICs'!H12+'Price Action IC'!H12+Verticals!H12+'Auto JSP'!H12+'Wed Thu RIC'!H12+Lottery!H12+'MOC IC'!H12+WUGA!H12+'MT BF'!H12+Umbrella!H12+'PM Umbrella'!H12+'Vol Crush'!H12+'Lunch Vol C Umb'!H12+LDOM!H12 | J12: 45758 | M12: 45788 | P12: 45820 | S12: 45849 | V12: 38575 | Y12: 38606 | AB12: 38636 | AE12: 38667 | AH12: 46002
A13: 46034 | B13: ='All BICs'!B13+'Price Action IC'!B13+Verticals!B13+'Auto JSP'!B13+'MOC IC'!B13+WUGA!B13+'MT BF'!B13+Umbrella!B13+'PM Umbrella'!B13+FOMC!B13+'Vol Crush'!B13+'FOMC Meeting'!B13+LDOM!B13 | D13: 45700 | E13: ='All BICs'!E13+'Price Action IC'!E13+Verticals!E13+'Auto JSP'!E13+'MOC IC'!E13+WUGA!E13+'MT BF'!E13+Umbrella!E13+'PM Umbrella'!E13+FOMC!E13+'Vol Crush'!E13+'FOMC Meeting'!E13+LDOM!E13+'Lunch Vol C Umb'!E13+Lottery!E13 | G13: 45728 | H13: ='All BICs'!H13+'Price Action IC'!H13+Verticals!H13+'Auto JSP'!H13+'Wed Thu RIC'!H13+Lottery!H13+'MOC IC'!H13+WUGA!H13+'MT BF'!H13+Umbrella!H13+'PM Umbrella'!H13+'Vol Crush'!H13+'Lunch Vol C Umb'!H13+LDOM!H13 | J13: 45759 | M13: 45789 | P13: 45821 | S13: 45850 | V13: 38576 | Y13: 38607 | AB13: 38637 | AE13: 38668 | AH13: 46003
A14: 46035 | B14: ='All BICs'!B14+'Price Action IC'!B14+Verticals!B14+'Auto JSP'!B14+'MOC IC'!B14+WUGA!B14+'MT BF'!B14+Umbrella!B14+'PM Umbrella'!B14+FOMC!B14+'Vol Crush'!B14+'FOMC Meeting'!B14+LDOM!B14 | D14: 45701 | E14: ='All BICs'!E14+'Price Action IC'!E14+Verticals!E14+'Auto JSP'!E14+'MOC IC'!E14+WUGA!E14+'MT BF'!E14+Umbrella!E14+'PM Umbrella'!E14+FOMC!E14+'Vol Crush'!E14+'FOMC Meeting'!E14+LDOM!E14+'Lunch Vol C Umb'!E14+Lottery!E14 | G14: 45729 | H14: ='All BICs'!H14+'Price Action IC'!H14+Verticals!H14+'Auto JSP'!H14+'Wed Thu RIC'!H14+Lottery!H14+'MOC IC'!H14+WUGA!H14+'MT BF'!H14+Umbrella!H14+'PM Umbrella'!H14+'Vol Crush'!H14+'Lunch Vol C Umb'!H14+LDOM!H14 | J14: 45760 | M14: 45790 | P14: 45822 | S14: 45851 | V14: 38577 | Y14: 38608 | AB14: 38638 | AE14: 38669 | AH14: 46004
A15: 46036 | B15: ='All BICs'!B15+'Price Action IC'!B15+Verticals!B15+'Auto JSP'!B15+'MOC IC'!B15+WUGA!B15+'MT BF'!B15+Umbrella!B15+'PM Umbrella'!B15+FOMC!B15+'Vol Crush'!B15+'FOMC Meeting'!B15+LDOM!B15 | D15: 45702 | G15: 45730 | J15: 45761 | M15: 45791 | P15: 45823 | S15: 45852 | V15: 38578 | Y15: 38609 | AB15: 38639 | AE15: 38670 | AH15: 46005
A16: 46037 | B16: ='All BICs'!B16+'Price Action IC'!B16+Verticals!B16+'Auto JSP'!B16+'MOC IC'!B16+WUGA!B16+'MT BF'!B16+Umbrella!B16+'PM Umbrella'!B16+FOMC!B16+'Vol Crush'!B16+'FOMC Meeting'!B16+LDOM!B16 | D16: 45703 | G16: 45731 | J16: 45762 | M16: 45792 | P16: 45824 | S16: 45853 | V16: 38579 | Y16: 38610 | AB16: 38640 | AE16: 38671 | AH16: 46006
A17: 46038 | B17: ='All BICs'!B17+'Price Action IC'!B17+Verticals!B17+'Auto JSP'!B17+'MOC IC'!B17+WUGA!B17+'MT BF'!B17+Umbrella!B17+'PM Umbrella'!B17+FOMC!B17+'Vol Crush'!B17+'FOMC Meeting'!B17+LDOM!B17 | D17: 45704 | G17: 45732 | H17: ='All BICs'!H17+'Price Action IC'!H17+Verticals!H17+'Auto JSP'!H17+'Wed Thu RIC'!H17+Lottery!H17+'MOC IC'!H17+WUGA!H17+'MT BF'!H17+Umbrella!H17+'PM Umbrella'!H17+'Vol Crush'!H17+'Lunch Vol C Umb'!H17+LDOM!H17 | J17: 45763 | M17: 45793 | P17: 45825 | S17: 45854 | V17: 38580 | Y17: 38611 | AB17: 38641 | AE17: 38672 | AH17: 46007
A18: 46039 | D18: 45705 | E18: ='All BICs'!E18+'Price Action IC'!E18+Verticals!E18+'Auto JSP'!E18+'MOC IC'!E18+WUGA!E18+'MT BF'!E18+Umbrella!E18+'PM Umbrella'!E18+FOMC!E18+'Vol Crush'!E18+'FOMC Meeting'!E18+LDOM!E18+'Lunch Vol C Umb'!E18+Lottery!E18 | G18: 45733 | H18: ='All BICs'!H18+'Price Action IC'!H18+Verticals!H18+'Auto JSP'!H18+'Wed Thu RIC'!H18+Lottery!H18+'MOC IC'!H18+WUGA!H18+'MT BF'!H18+Umbrella!H18+'PM Umbrella'!H18+'Vol Crush'!H18+'Lunch Vol C Umb'!H18+LDOM!H18 | J18: 45764 | M18: 45794 | P18: 45826 | S18: 45855 | V18: 38581 | Y18: 38612 | AB18: 38642 | AE18: 38673 | AH18: 46008
A19: 46040 | D19: 45706 | E19: ='All BICs'!E19+'Price Action IC'!E19+Verticals!E19+'Auto JSP'!E19+'Wed Thu RIC'!E19+Lottery!E19+'MOC IC'!E19+WUGA!E19+'MT BF'!E19+Umbrella!E19+'PM Umbrella'!E19+'Vol Crush'!E19+'Lunch Vol C Umb'!E19 | G19: 45734 | H19: ='All BICs'!H19+'Price Action IC'!H19+Verticals!H19+'Auto JSP'!H19+'Wed Thu RIC'!H19+Lottery!H19+'MOC IC'!H19+WUGA!H19+'MT BF'!H19+Umbrella!H19+'PM Umbrella'!H19+'Vol Crush'!H19+'Lunch Vol C Umb'!H19+LDOM!H19+'FOMC Meeting'!H19 | J19: 45765 | M19: 45795 | P19: 45827 | S19: 45856 | V19: 38582 | Y19: 38613 | AB19: 38643 | AE19: 38674 | AH19: 46009
A20: 46041 | D20: 45707 | E20: ='All BICs'!E20+'Price Action IC'!E20+Verticals!E20+'Auto JSP'!E20+'Wed Thu RIC'!E20+Lottery!E20+'MOC IC'!E20+WUGA!E20+'MT BF'!E20+Umbrella!E20+'PM Umbrella'!E20+'Vol Crush'!E20+'Lunch Vol C Umb'!E20 | G20: 45735 | H20: ='All BICs'!H20+'Price Action IC'!H20+Verticals!H20+'Auto JSP'!H20+'Wed Thu RIC'!H20+Lottery!H20+'MOC IC'!H20+WUGA!H20+'MT BF'!H20+Umbrella!H20+'PM Umbrella'!H20+'Vol Crush'!H20+'Lunch Vol C Umb'!H20+LDOM!H20+'FOMC Meeting'!H20 | J20: 45766 | M20: 45796 | P20: 45828 | S20: 45857 | V20: 38583 | Y20: 38614 | AB20: 38644 | AE20: 38675 | AH20: 46010
A21: 46042 | B21: ='All BICs'!B21+'Price Action IC'!B21+Verticals!B21+'Auto JSP'!B21+'MOC IC'!B21+WUGA!B21+'MT BF'!B21+Umbrella!B21+'PM Umbrella'!B21+FOMC!B21+'Vol Crush'!B21+'FOMC Meeting'!B21+LDOM!B21 | D21: 45708 | E21: ='All BICs'!E21+'Price Action IC'!E21+Verticals!E21+'Auto JSP'!E21+'Wed Thu RIC'!E21+Lottery!E21+'MOC IC'!E21+WUGA!E21+'MT BF'!E21+Umbrella!E21+'PM Umbrella'!E21+'Vol Crush'!E21+'Lunch Vol C Umb'!E21 | G21: 45736 | H21: ='All BICs'!H21+'Price Action IC'!H21+Verticals!H21+'Auto JSP'!H21+'Wed Thu RIC'!H21+Lottery!H21+'MOC IC'!H21+WUGA!H21+'MT BF'!H21+Umbrella!H21+'PM Umbrella'!H21+'Vol Crush'!H21+'Lunch Vol C Umb'!H21+LDOM!H21+'FOMC Meeting'!H21 | J21: 45767 | M21: 45797 | P21: 45829 | S21: 45858 | V21: 38584 | Y21: 38615 | AB21: 38645 | AE21: 38676 | AH21: 46011
A22: 46043 | B22: ='All BICs'!B22+'Price Action IC'!B22+Verticals!B22+'Auto JSP'!B22+'MOC IC'!B22+WUGA!B22+'MT BF'!B22+Umbrella!B22+'PM Umbrella'!B22+FOMC!B22+'Vol Crush'!B22+'FOMC Meeting'!B22+LDOM!B22+'Wed Thu RIC'!B22 | D22: 45709 | G22: 45737 | J22: 45768 | M22: 45798 | P22: 45830 | S22: 45859 | V22: 38585 | Y22: 38616 | AB22: 38646 | AE22: 38677 | AH22: 46012
A23: 46044 | B23: ='All BICs'!B23+'Price Action IC'!B23+Verticals!B23+'Auto JSP'!B23+'MOC IC'!B23+WUGA!B23+'MT BF'!B23+Umbrella!B23+'PM Umbrella'!B23+FOMC!B23+'Vol Crush'!B23+'FOMC Meeting'!B23+LDOM!B23+'Wed Thu RIC'!B23+Lottery!B23 | D23: 45710 | G23: 45738 | J23: 45769 | M23: 45799 | P23: 45831 | S23: 45860 | V23: 38586 | Y23: 38617 | AB23: 38647 | AE23: 38678 | AH23: 46013
A24: 46045 | B24: ='All BICs'!B24+'Price Action IC'!B24+Verticals!B24+'Auto JSP'!B24+'MOC IC'!B24+WUGA!B24+'MT BF'!B24+Umbrella!B24+'PM Umbrella'!B24+FOMC!B24+'Vol Crush'!B24+'FOMC Meeting'!B24+LDOM!B24+'Wed Thu RIC'!B24+Lottery!B24 | D24: 45711 | E24: ='All BICs'!E24+'Price Action IC'!E24+Verticals!E24+'Auto JSP'!E24+'Wed Thu RIC'!E24+Lottery!E24+'MOC IC'!E24+WUGA!E24+'MT BF'!E24+Umbrella!E24+'PM Umbrella'!E24+'Vol Crush'!E24+'Lunch Vol C Umb'!E24 | G24: 45739 | H24: ='All BICs'!H24+'Price Action IC'!H24+Verticals!H24+'Auto JSP'!H24+'Wed Thu RIC'!H24+Lottery!H24+'MOC IC'!H24+WUGA!H24+'MT BF'!H24+Umbrella!H24+'PM Umbrella'!H24+'Vol Crush'!H24+'Lunch Vol C Umb'!H24+LDOM!H24+'FOMC Meeting'!H24 | J24: 45770 | M24: 45800 | P24: 45832 | S24: 45861 | V24: 38587 | Y24: 38618 | AB24: 38648 | AE24: 38679 | AH24: 46014
A25: 46046 | D25: 45712 | E25: ='All BICs'!E25+'Price Action IC'!E25+Verticals!E25+'Auto JSP'!E25+'Wed Thu RIC'!E25+Lottery!E25+'MOC IC'!E25+WUGA!E25+'MT BF'!E25+Umbrella!E25+'PM Umbrella'!E25+'Vol Crush'!E25+'Lunch Vol C Umb'!E25 | G25: 45740 | H25: ='All BICs'!H25+'Price Action IC'!H25+Verticals!H25+'Auto JSP'!H25+'Wed Thu RIC'!H25+Lottery!H25+'MOC IC'!H25+WUGA!H25+'MT BF'!H25+Umbrella!H25+'PM Umbrella'!H25+'Vol Crush'!H25+'Lunch Vol C Umb'!H25+LDOM!H25+'FOMC Meeting'!H25 | J25: 45771 | M25: 45801 | P25: 45833 | S25: 45862 | V25: 38588 | Y25: 38619 | AB25: 38649 | AE25: 38680 | AH25: 46015
A26: 46047 | D26: 45713 | E26: ='All BICs'!E26+'Price Action IC'!E26+Verticals!E26+'Auto JSP'!E26+'Wed Thu RIC'!E26+Lottery!E26+'MOC IC'!E26+WUGA!E26+'MT BF'!E26+Umbrella!E26+'PM Umbrella'!E26+'Vol Crush'!E26+'Lunch Vol C Umb'!E26 | G26: 45741 | H26: ='All BICs'!H26+'Price Action IC'!H26+Verticals!H26+'Auto JSP'!H26+'Wed Thu RIC'!H26+Lottery!H26+'MOC IC'!H26+WUGA!H26+'MT BF'!H26+Umbrella!H26+'PM Umbrella'!H26+'Vol Crush'!H26+'Lunch Vol C Umb'!H26+LDOM!H26+'FOMC Meeting'!H26 | J26: 45772 | M26: 45802 | P26: 45834 | S26: 45863 | V26: 38589 | Y26: 38620 | AB26: 38650 | AE26: 38681 | AH26: 46016
A27: 46048 | B27: ='All BICs'!B27+'Price Action IC'!B27+Verticals!B27+'Auto JSP'!B27+'MOC IC'!B27+WUGA!B27+'MT BF'!B27+Umbrella!B27+'PM Umbrella'!B27+FOMC!B27+'Vol Crush'!B27+'FOMC Meeting'!B27+LDOM!B27+'Wed Thu RIC'!B27+Lottery!B27 | D27: 45714 | E27: ='All BICs'!E27+'Price Action IC'!E27+Verticals!E27+'Auto JSP'!E27+'Wed Thu RIC'!E27+Lottery!E27+'MOC IC'!E27+WUGA!E27+'MT BF'!E27+Umbrella!E27+'PM Umbrella'!E27+'Vol Crush'!E27+'Lunch Vol C Umb'!E27 | G27: 45742 | H27: ='All BICs'!H27+'Price Action IC'!H27+Verticals!H27+'Auto JSP'!H27+'Wed Thu RIC'!H27+Lottery!H27+'MOC IC'!H27+WUGA!H27+'MT BF'!H27+Umbrella!H27+'PM Umbrella'!H27+'Vol Crush'!H27+'Lunch Vol C Umb'!H27+LDOM!H27+'FOMC Meeting'!H27 | J27: 45773 | M27: 45803 | P27: 45835 | S27: 45864 | V27: 38590 | Y27: 38621 | AB27: 38651 | AE27: 38682 | AH27: 46017
A28: 46049 | B28: ='All BICs'!B28+'Price Action IC'!B28+Verticals!B28+'Auto JSP'!B28+'MOC IC'!B28+WUGA!B28+'MT BF'!B28+Umbrella!B28+'PM Umbrella'!B28+FOMC!B28+'Vol Crush'!B28+'FOMC Meeting'!B28+LDOM!B28+'Wed Thu RIC'!B28+Lottery!B28 | D28: 45715 | E28: ='All BICs'!E28+'Price Action IC'!E28+Verticals!E28+'Auto JSP'!E28+'Wed Thu RIC'!E28+Lottery!E28+'MOC IC'!E28+WUGA!E28+'MT BF'!E28+Umbrella!E28+'PM Umbrella'!E28+'Vol Crush'!E28+'Lunch Vol C Umb'!E28+LDOM!E28 | G28: 45743 | H28: ='All BICs'!H28+'Price Action IC'!H28+Verticals!H28+'Auto JSP'!H28+'Wed Thu RIC'!H28+Lottery!H28+'MOC IC'!H28+WUGA!H28+'MT BF'!H28+Umbrella!H28+'PM Umbrella'!H28+'Vol Crush'!H28+'Lunch Vol C Umb'!H28+LDOM!H28+'FOMC Meeting'!H28 | J28: 45774 | M28: 45804 | P28: 45836 | S28: 45865 | V28: 38591 | Y28: 38622 | AB28: 38652 | AE28: 38683 | AH28: 46018
A29: 46050 | B29: ='All BICs'!B29+'Price Action IC'!B29+Verticals!B29+'Auto JSP'!B29+'MOC IC'!B29+WUGA!B29+'MT BF'!B29+Umbrella!B29+'PM Umbrella'!B29+FOMC!B29+'Vol Crush'!B29+'FOMC Meeting'!B29+LDOM!B29+'Wed Thu RIC'!B29+Lottery!B29 | D29: 45716 | G29: 45744 | J29: 45775 | M29: 45805 | P29: 45837 | S29: 45866 | V29: 38592 | Y29: 38623 | AB29: 38653 | AE29: 38684 | AH29: 46019
A30: 46051 | B30: ='All BICs'!B30+'Price Action IC'!B30+Verticals!B30+'Auto JSP'!B30+'MOC IC'!B30+WUGA!B30+'MT BF'!B30+Umbrella!B30+'PM Umbrella'!B30+FOMC!B30+'Vol Crush'!B30+'FOMC Meeting'!B30+LDOM!B30+'Wed Thu RIC'!B30+Lottery!B30 | G30: 45745 | J30: 45776 | M30: 45806 | P30: 45838 | S30: 45867 | V30: 38593 | Y30: 38624 | AB30: 38654 | AE30: 38685 | AH30: 46020
A31: 46052 | B31: ='All BICs'!B31+'Price Action IC'!B31+Verticals!B31+'Auto JSP'!B31+'MOC IC'!B31+WUGA!B31+'MT BF'!B31+Umbrella!B31+'PM Umbrella'!B31+FOMC!B31+'Vol Crush'!B31+'FOMC Meeting'!B31+LDOM!B31+'Wed Thu RIC'!B31+Lottery!B31 | G31: 45746 | H31: ='All BICs'!H31+'Price Action IC'!H31+Verticals!H31+'Auto JSP'!H31+'Wed Thu RIC'!H31+Lottery!H31+'MOC IC'!H31+WUGA!H31+'MT BF'!H31+Umbrella!H31+'PM Umbrella'!H31+'Vol Crush'!H31+'Lunch Vol C Umb'!H31+LDOM!H31+'FOMC Meeting'!H31 | J31: 45777 | M31: 45807 | S31: 45868 | V31: 38594 | Y31: 38625 | AB31: 38655 | AE31: 38686 | AH31: 46021
A32: 46053 | G32: 45747 | H32: ='All BICs'!H32+'Price Action IC'!H32+Verticals!H32+'Auto JSP'!H32+'Wed Thu RIC'!H32+Lottery!H32+'MOC IC'!H32+WUGA!H32+'MT BF'!H32+Umbrella!H32+'PM Umbrella'!H32+'Vol Crush'!H32+'Lunch Vol C Umb'!H32+LDOM!H32+'FOMC Meeting'!H32 | S32: 45869 | V32: 38595 | Y32: 38626 | AB32: 38656 | AE32: 38687 | AH32: 46022
A35: Total | B35: =SUM(B2:B34) | E35: =SUM(E2:E27) | H35: =SUM(H2:H32) | I35: =SUM(I2:I31) | K35: =SUM(K2:K31) | L35: =SUM(L1:L34) | N35: =SUM(N2:N34) | Q35: =SUM(Q2:Q34) | T35: =SUM(T2:T34) | W35: =SUM(W2:W34) | Z35: =SUM(Z2:Z34) | AC35: =SUM(AC2:AC34) | AF35: =SUM(AF2:AF34) | AI35: =SUM(AI2:AI34)

Sheet FOMC Meeting
A1: January | D1: February | G1: March | J1: April | M1: May | P1: Jun | S1: Jul | V1: Aug | Y1: Sep | AB1: Oct | AE1: Nov | AH1: Dec
A2: 1 | D2: 1 | G2: 1 | J2: 1 | M2: 1 | P2: 1 | S2: 1 | V2: 1 | Y2: 1 | AB2: 1 | AE2: 1 | AH2: 1
A3: 2 | D3: 2 | G3: 2 | J3: 2 | M3: 2 | P3: 2 | S3: 2 | V3: 2 | Y3: 2 | AB3: 2 | AE3: 2 | AH3: 2
A4: 3 | D4: 3 | G4: 3 | J4: 3 | M4: 3 | P4: 3 | S4: 3 | V4: 3 | Y4: 3 | AB4: 3 | AE4: 3 | AH4: 3
A5: 4 | D5: 4 | G5: 4 | J5: 4 | M5: 4 | P5: 4 | S5: 4 | V5: 4 | Y5: 4 | AB5: 4 | AE5: 4 | AH5: 4
A6: 5 | D6: 5 | G6: 5 | J6: 5 | M6: 5 | P6: 5 | S6: 5 | V6: 5 | Y6: 5 | AB6: 5 | AE6: 5 | AH6: 5
A7: 6 | D7: 6 | G7: 6 | J7: 6 | M7: 6 | P7: 6 | S7: 6 | V7: 6 | Y7: 6 | AB7: 6 | AE7: 6 | AH7: 6
A8: 7 | D8: 7 | G8: 7 | J8: 7 | M8: 7 | P8: 7 | S8: 7 | V8: 7 | Y8: 7 | AB8: 7 | AE8: 7 | AH8: 7
A9: 8 | D9: 8 | G9: 8 | J9: 8 | M9: 8 | P9: 8 | S9: 8 | V9: 8 | Y9: 8 | AB9: 8 | AE9: 8 | AH9: 8
A10: 9 | D10: 9 | G10: 9 | J10: 9 | M10: 9 | P10: 9 | S10: 9 | V10: 9 | Y10: 9 | AB10: 9 | AE10: 9 | AH10: 9
A11: 10 | D11: 10 | G11: 10 | J11: 10 | M11: 10 | P11: 10 | S11: 10 | V11: 10 | Y11: 10 | AB11: 10 | AE11: 10 | AH11: 10
A12: 11 | D12: 11 | G12: 11 | J12: 11 | M12: 11 | P12: 11 | S12: 11 | V12: 11 | Y12: 11 | AB12: 11 | AE12: 11 | AH12: 11
A13: 12 | D13: 12 | G13: 12 | J13: 12 | M13: 12 | P13: 12 | S13: 12 | V13: 12 | Y13: 12 | AB13: 12 | AE13: 12 | AH13: 12
... A18: 17 | D18: 17 | G18: 17 | J18: 17 | M18: 17 | P18: 17 | S18: 17 | V18: 17 | Y18: 17 | AB18: 17 | AE18: 17 | AH18: 17
A19: 18 | D19: 18 | G19: 18 | H19: =605+1425+2110 | J19: 18 | M19: 18 | P19: 18 | S19: 18 | V19: 18 | Y19: 18 | AB19: 18 | AE19: 18 | AH19: 18
A20: 19 | D20: 19 | G20: 19 | J20: 19 | M20: 19 | P20: 19 | S20: 19 | V20: 19 | Y20: 19 | AB20: 19 | AE20: 19 | AH20: 19
A21: 20 | D21: 20 | G21: 20 | J21: 20 | M21: 20 | P21: 20 | S21: 20 | V21: 20 | Y21: 20 | AB21: 20 | AE21: 20 | AH21: 20
A22: 21 | D22: 21 | G22: 21 | J22: 21 | M22: 21 | P22: 21 | S22: 21 | V22: 21 | Y22: 21 | AB22: 21 | AE22: 21 | AH22: 21
A23: 22 | D23: 22 | G23: 22 | J23: 22 | M23: 22 | P23: 22 | S23: 22 | V23: 22 | Y23: 22 | AB23: 22 | AE23: 22 | AH23: 22
A24: 23 | D24: 23 | G24: 23 | J24: 23 | M24: 23 | P24: 23 | S24: 23 | V24: 23 | Y24: 23 | AB24: 23 | AE24: 23 | AH24: 23
A25: 24 | D25: 24 | G25: 24 | J25: 24 | M25: 24 | P25: 24 | S25: 24 | V25: 24 | Y25: 24 | AB25: 24 | AE25: 24 | AH25: 24
A26: 25 | D26: 25 | G26: 25 | J26: 25 | M26: 25 | P26: 25 | S26: 25 | V26: 25 | Y26: 25 | AB26: 25 | AE26: 25 | AH26: 25
A27: 26 | D27: 26 | G27: 26 | J27: 26 | M27: 26 | P27: 26 | S27: 26 | V27: 26 | Y27: 26 | AB27: 26 | AE27: 26 | AH27: 26
A28: 27 | D28: 27 | G28: 27 | J28: 27 | M28: 27 | P28: 27 | S28: 27 | V28: 27 | Y28: 27 | AB28: 27 | AE28: 27 | AH28: 27
A29: 28 | D29: 28 | G29: 28 | J29: 28 | M29: 28 | P29: 28 | S29: 28 | V29: 28 | Y29: 28 | AB29: 28 | AE29: 28 | AH29: 28
A30: 29 | D30: 29 | G30: 29 | J30: 29 | M30: 29 | P30: 29 | S30: 29 | V30: 29 | Y30: 29 | AB30: 29 | AE30: 29 | AH30: 29
A31: 30 | D31: 30 | G31: 30 | J31: 30 | M31: 30 | P31: 30 | S31: 30 | V31: 30 | Y31: 30 | AB31: 30 | AE31: 30 | AH31: 30
A32: 31 | D32: 31 | G32: 31 | J32: 31 | M32: 31 | P32: 31 | S32: 31 | V32: 31 | Y32: 31 | AB32: 31 | AE32: 31 | AH32: 31
A35: Total | B35: =SUM(B2:B34) | E35: =SUM(E2:E27) | H35: =SUM(H2:H34) | K35: =SUM(K2:K34) | N35: =SUM(N2:N34) | Q35: =SUM(Q2:Q34) | T35: =SUM(T2:T34) | W35: =SUM(W2:W34) | Z35: =SUM(Z2:Z34) | AC35: =SUM(AC2:AC34) | AF35: =SUM(AF2:AF34) | AI35: =SUM(AI2:AI34)

Sheet LDOM
A1: January | D1: February | G1: March | J1: April | M1: May | P1: Jun | S1: Jul | V1: Aug | Y1: Sep | AB1: Oct | AE1: Nov | AH1: Dec
A2: 1 | D2: 1 | G2: 1 | J2: 1 | M2: 1 | P2: 1 | S2: 1 | V2: 1 | Y2: 1 | AB2: 1 | AE2: 1 | AH2: 1
A3: 2 | D3: 2 | G3: 2 | J3: 2 | M3: 2 | P3: 2 | S3: 2 | V3: 2 | Y3: 2 | AB3: 2 | AE3: 2 | AH3: 2
A4: 3 | D4: 3 | G4: 3 | J4: 3 | M4: 3 | P4: 3 | S4: 3 | V4: 3 | Y4: 3 | AB4: 3 | AE4: 3 | AH4: 3
A5: 4 | D5: 4 | G5: 4 | J5: 4 | M5: 4 | P5: 4 | S5: 4 | V5: 4 | Y5: 4 | AB5: 4 | AE5: 4 | AH5: 4
A6: 5 | D6: 5 | G6: 5 | J6: 5 | M6: 5 | P6: 5 | S6: 5 | V6: 5 | Y6: 5 | AB6: 5 | AE6: 5 | AH6: 5
A7: 6 | D7: 6 | G7: 6 | J7: 6 | M7: 6 | P7: 6 | S7: 6 | V7: 6 | Y7: 6 | AB7: 6 | AE7: 6 | AH7: 6
A8: 7 | D8: 7 | G8: 7 | J8: 7 | M8: 7 | P8: 7 | S8: 7 | V8: 7 | Y8: 7 | AB8: 7 | AE8: 7 | AH8: 7
A9: 8 | D9: 8 | G9: 8 | J9: 8 | M9: 8 | P9: 8 | S9: 8 | V9: 8 | Y9: 8 | AB9: 8 | AE9: 8 | AH9: 8
A10: 9 | D10: 9 | G10: 9 | J10: 9 | M10: 9 | P10: 9 | S10: 9 | V10: 9 | Y10: 9 | AB10: 9 | AE10: 9 | AH10: 9
A11: 10 | D11: 10 | G11: 10 | J11: 10 | M11: 10 | P11: 10 | S11: 10 | V11: 10 | Y11: 10 | AB11: 10 | AE11: 10 | AH11: 10
A12: 11 | D12: 11 | G12: 11 | J12: 11 | M12: 11 | P12: 11 | S12: 11 | V12: 11 | Y12: 11 | AB12: 11 | AE12: 11 | AH12: 11
A13: 12 | D13: 12 | G13: 12 | J13: 12 | M13: 12 | P13: 12 | S13: 12 | V13: 12 | Y13: 12 | AB13: 12 | AE13: 12 | AH13: 12
... A27: 26 | D27: 26 | G27: 26 | J27: 26 | M27: 26 | P27: 26 | S27: 26 | V27: 26 | Y27: 26 | AB27: 26 | AE27: 26 | AH27: 26
A28: 27 | D28: 27 | E28: -629 | G28: 27 | J28: 27 | M28: 27 | P28: 27 | S28: 27 | V28: 27 | Y28: 27 | AB28: 27 | AE28: 27 | AH28: 27
A29: 28 | D29: 28 | G29: 28 | J29: 28 | M29: 28 | P29: 28 | S29: 28 | V29: 28 | Y29: 28 | AB29: 28 | AE29: 28 | AH29: 28
A30: 29 | D30: 29 | G30: 29 | J30: 29 | M30: 29 | P30: 29 | S30: 29 | V30: 29 | Y30: 29 | AB30: 29 | AE30: 29 | AH30: 29
A31: 30 | D31: 30 | G31: 30 | J31: 30 | M31: 30 | P31: 30 | S31: 30 | V31: 30 | Y31: 30 | AB31: 30 | AE31: 30 | AH31: 30
A32: 31 | D32: 31 | G32: 31 | J32: 31 | M32: 31 | P32: 31 | S32: 31 | V32: 31 | Y32: 31 | AB32: 31 | AE32: 31 | AH32: 31
A35: Total | B35: =SUM(B2:B34) | E35: =SUM(E28:E34) | H35: =SUM(H2:H34) | K35: =SUM(K2:K34) | N35: =SUM(N2:N34) | Q35: =SUM(Q2:Q34) | T35: =SUM(T2:T34) | W35: =SUM(W2:W34) | Z35: =SUM(Z2:Z34) | AC35: =SUM(AC2:AC34) | AF35: =SUM(AF2:AF34) | AI35: =SUM(AI2:AI34)

Sheet FOMC
A1: January | D1: February | G1: March | J1: April | M1: May | P1: Jun | S1: Jul | V1: Aug | Y1: Sep | AB1: Oct | AE1: Nov | AH1: Dec
A2: 1 | D2: 1 | G2: 1 | J2: 1 | M2: 1 | P2: 1 | S2: 1 | V2: 1 | Y2: 1 | AB2: 1 | AE2: 1 | AH2: 1
A3: 2 | D3: 2 | G3: 2 | J3: 2 | M3: 2 | P3: 2 | S3: 2 | V3: 2 | Y3: 2 | AB3: 2 | AE3: 2 | AH3: 2
A4: 3 | D4: 3 | G4: 3 | J4: 3 | M4: 3 | P4: 3 | S4: 3 | V4: 3 | Y4: 3 | AB4: 3 | AE4: 3 | AH4: 3
A5: 4 | D5: 4 | G5: 4 | J5: 4 | M5: 4 | P5: 4 | S5: 4 | V5: 4 | Y5: 4 | AB5: 4 | AE5: 4 | AH5: 4
A6: 5 | D6: 5 | G6: 5 | J6: 5 | M6: 5 | P6: 5 | S6: 5 | V6: 5 | Y6: 5 | AB6: 5 | AE6: 5 | AH6: 5
A7: 6 | D7: 6 | G7: 6 | J7: 6 | M7: 6 | P7: 6 | S7: 6 | V7: 6 | Y7: 6 | AB7: 6 | AE7: 6 | AH7: 6
A8: 7 | D8: 7 | G8: 7 | J8: 7 | M8: 7 | P8: 7 | S8: 7 | V8: 7 | Y8: 7 | AB8: 7 | AE8: 7 | AH8: 7
A9: 8 | D9: 8 | G9: 8 | J9: 8 | M9: 8 | P9: 8 | S9: 8 | V9: 8 | Y9: 8 | AB9: 8 | AE9: 8 | AH9: 8
A10: 9 | D10: 9 | G10: 9 | J10: 9 | M10: 9 | P10: 9 | S10: 9 | V10: 9 | Y10: 9 | AB10: 9 | AE10: 9 | AH10: 9
A11: 10 | D11: 10 | G11: 10 | J11: 10 | M11: 10 | P11: 10 | S11: 10 | V11: 10 | Y11: 10 | AB11: 10 | AE11: 10 | AH11: 10
A12: 11 | D12: 11 | G12: 11 | J12: 11 | M12: 11 | P12: 11 | S12: 11 | V12: 11 | Y12: 11 | AB12: 11 | AE12: 11 | AH12: 11
A13: 12 | D13: 12 | G13: 12 | J13: 12 | M13: 12 | P13: 12 | S13: 12 | V13: 12 | Y13: 12 | AB13: 12 | AE13: 12 | AH13: 12
... A28: 27 | D28: 27 | G28: 27 | J28: 27 | M28: 27 | P28: 27 | S28: 27 | V28: 27 | Y28: 27 | AB28: 27 | AE28: 27 | AH28: 27
A29: 28 | B29: =7985+380 | D29: 28 | G29: 28 | J29: 28 | M29: 28 | P29: 28 | S29: 28 | V29: 28 | Y29: 28 | AB29: 28 | AE29: 28 | AH29: 28
A30: 29 | D30: 29 | G30: 29 | J30: 29 | M30: 29 | P30: 29 | S30: 29 | V30: 29 | Y30: 29 | AB30: 29 | AE30: 29 | AH30: 29
A31: 30 | D31: 30 | G31: 30 | J31: 30 | M31: 30 | P31: 30 | S31: 30 | V31: 30 | Y31: 30 | AB31: 30 | AE31: 30 | AH31: 30
A32: 31 | D32: 31 | G32: 31 | J32: 31 | M32: 31 | P32: 31 | S32: 31 | V32: 31 | Y32: 31 | AB32: 31 | AE32: 31 | AH32: 31
A35: Total | B35: =SUM(B2:B34) | E35: =SUM(E2:E27) | H35: =SUM(H2:H34) | K35: =SUM(K2:K34) | N35: =SUM(N2:N34) | Q35: =SUM(Q2:Q34) | T35: =SUM(T2:T34) | W35: =SUM(W2:W34) | Z35: =SUM(Z2:Z34) | AC35: =SUM(AC2:AC34) | AF35: =SUM(AF2:AF34) | AI35: =SUM(AI2:AI34)

Sheet Strategy
A1: January | D1: February
A2: BIC $6 $4 | B2: ='BIC $6 $4'!B35
A3: BIC $4 | B3: ='BIC $4 '!B35
A4: BIC $3 | B4: ='BIC $3'!B35
A5: BIC 1 DTE | B5: ='BIC 1 DTE'!B35
A6: 1 DTE | B6: ='1 DTE'!B35
A7: TLC | B7: =TLC!B35
A8: RIC | B8: =RIC!B35
A9: WUGA | B9: =WUGA!B35
A10: FOMC | B10: =FOMC!B35
A11: Lottery | B11: =#REF!
A14: Total | B14: =SUM(B2:B11)

Sheet 6-7
AE1: Nov | AH1: Dec
AE2: 1 | AH2: 1 | AI2: -4830
AE3: 2 | AH3: 2
AE4: 3 | AH4: 3
AE5: 4 | AH5: 4
AE6: 5 | AH6: 5
AE7: 6 | AH7: 6
AE8: 7 | AH8: 7
AE9: 8 | AH9: 8
AE10: 9 | AH10: 9
AE11: 10 | AH11: 10
AE12: 11 | AH12: 11
AE13: 12 | AH13: 12
AE14: 13 | AH14: 13
... AE32: 31 | AH32: 31
AF35: =SUM(AF2:AF34) | AI35: =SUM(AI2:AI34)

Sheet MT BIC
P1: Jun | S1: Jul | V1: Aug | Y1: Sep | AB1: Oct
P2: 2 | S2: 1 | T2: -6305 | V2: 1 | Y2: 1 | AB2: 1 | AC2: 1860
P3: 3 | S3: 2 | T3: 1195 | V3: 2 | W3: 935 | Y3: 2 | AB3: 2
P4: 4 | S4: 3 | T4: -480 | V4: 3 | Y4: 3 | Z4: -950 | AB4: 3
P5: 5 | S5: 4 | V5: 4 | Y5: 4 | Z5: -2185 | AB5: 4
P6: 6 | S6: 5 | V6: 5 | Y6: 5 | AB6: 5
P7: 7 | S7: 6 | V7: 6 | W7: 1955 | Y7: 6 | AB7: 6
P8: 8 | S8: 7 | T8: -1105 | V8: 7 | Y8: 7 | AB8: 7
P9: 9 | S9: 8 | T9: 1921 | V9: 8 | Y9: 8 | AB9: 8 | AC9: 1200
P10: 10 | S10: 9 | T10: -550 | V10: 9 | Y10: 9 | AB10: 9
P11: 11 | S11: 10 | T11: -2065 | V11: 10 | Y11: 10 | Z11: -1515 | AB11: 10
P12: 12 | S12: 11 | T12: -1730 | V12: 11 | Y12: 11 | AB12: 11
P13: 13 | S13: 12 | V13: 12 | Y13: 12 | AB13: 12
P14: 14 | S14: 13 | V14: 13 | W14: -45 | Y14: 13 | AB14: 13
P15: 15 | S15: 14 | T15: 1442 | V15: 14 | W15: 2127 | Y15: 14 | AB15: 14
P16: 16 | Q16: 2110 | S16: 15 | T16: -2120 | V16: 15 | Y16: 15 | AB16: 15
P17: 17 | Q17: 1625 | S17: 16 | V17: 16 | Y17: 16 | AB17: 16
P18: 18 | Q18: 1459 | S18: 17 | T18: 1669 | V18: 17 | Y18: 17 | AB18: 17
P19: 19 | S19: 18 | V19: 18 | Y19: 18 | Z19: 1310 | AB19: 18
P20: 20 | Q20: 1120 | S20: 19 | V20: 19 | Y20: 19 | AB20: 19
P21: 21 | S21: 20 | V21: 20 | W21: -1643 | Y21: 20 | AB21: 20
P22: 22 | S22: 21 | V22: 21 | W22: 2675 | Y22: 21 | AB22: 21
P23: 23 | Q23: 360 | S23: 22 | V23: 22 | Y23: 22 | AB23: 22
P24: 24 | Q24: 2391 | S24: 23 | T24: 802 | V24: 23 | Y24: 23 | AB24: 23
P25: 25 | Q25: 2429 | S25: 24 | T25: -2560 | V25: 24 | Y25: 24 | Z25: 1090 | AB25: 24
P26: 26 | Q26: 2350 | S26: 25 | V26: 25 | W26: -475 | Y26: 25 | Z26: 823 | AB26: 25
P27: 27 | Q27: -4560 | S27: 26 | V27: 26 | Y27: 26 | AB27: 26
P28: 28 | S28: 27 | V28: 27 | W28: -1092.5 | Y28: 27 | AB28: 27
P29: 29 | S29: 28 | T29: 1110 | V29: 28 | W29: 1210 | Y29: 28 | AB29: 28
P30: 30 | S30: 29 | V30: 29 | Y30: 29 | AB30: 29
S31: 30 | V31: 30 | Y31: 30 | AB31: 30
S32: 31 | V32: 31 | Y32: 31 | AB32: 31
Q35: =SUM(Q2:Q34) | T35: =SUM(T2:T34) | W35: =SUM(W2:W34) | Z35: =SUM(Z2:Z34) | AC35: =SUM(AC2:AC34)

Sheet METF
P1: Jun | S1: Jul
P2: 2 | S2: 1 | T2: -1590
P3: 3 | S3: 2 | T3: 300
P4: 4 | S4: 3
P5: 5 | S5: 4
P6: 6 | S6: 5
P7: 7 | S7: 6
P8: 8 | S8: 7
P9: 9 | S9: 8
P10: 10 | S10: 9
P11: 11 | S11: 10
P12: 12 | S12: 11 | T12: -45
P13: 13 | S13: 12
P14: 14 | S14: 13
P15: 15 | S15: 14
P16: 16 | S16: 15
P17: 17 | S17: 16
P18: 18 | S18: 17
P19: 19 | S19: 18
P20: 20 | S20: 19
P21: 21 | S21: 20
P22: 22 | S22: 21
P23: 23 | S23: 22
P24: 24 | S24: 23
P25: 25 | Q25: 645 | S25: 24
P26: 26 | Q26: -1090 | S26: 25
P27: 27 | Q27: -1450 | S27: 26
P28: 28 | S28: 27
P29: 29 | S29: 28
P30: 30 | S30: 29
S31: 30
S32: 31
Q35: =SUM(Q2:Q34) | T35: =SUM(T2:T34)

Sheet RIC 10 DTE
A1: January
A2: 45658
A3: 45659
A4: 45660
A5: 45661
A6: 45662
A7: 45663
A8: 45664
A9: 45665
A10: 45666
A11: 45667
A12: 45668
A13: 45669
A14: 45670
A15: 45671 | E15: -20.95 | F15: 2 | G15: =F15*E15*100
A16: 45672 | B16: -12050 | E16: -24.1 | F16: 5 | G16: =F16*E16*100
A17: 45673 | B17: -4190 | E17: 29.9 | F17: 1 | G17: =F17*E17*100
A18: 45674 | B18: =2990+2990+2805-4603 | E18: 29.9 | F18: 1 | G18: =F18*E18*100
A19: 45675 | E19: -23.15 | F19: 2 | G19: =F19*E19*100
A20: 45676 | E20: -28.05 | F20: 1 | G20: =F20*E20*100
A21: 45677
A22: 45678
A23: 45679 | E23: 71.2 | F23: 1 | G23: =F23*E23*100
A24: 45680 | E24: -45.9 | F24: 1 | G24: =F24*E24*100
A25: 45681 | E25: 8.1 | F25: 1 | G25: =F25*E25*100
A26: 45682 | E26: 8.1 | F26: 1 | G26: =F26*E26*100
A27: 45683
A28: 45684
A29: 45685
A30: 45686 | E30: 29.95 | F30: 3 | G30: =F30*E30*100
A31: 45687 | E31: 22.9 | F31: 2 | G31: =F31*E31*100
A32: 45688
D36: 1st 27 | E36: -24.1 | F36: 5 | G36: =F36*E36*100
E37: 29.9 | F37: 2 | G37: =F37*E37*100
E38: 30 | F38: 3 | G38: =F38*E38*100
D40: 2nd 27 | E40: -23.15 | F40: 2 | G40: =F40*E40*100
E41: 23.05 | F41: 2 | G41: =F41*E41*100
D43: strange | E43: -20.95 | F43: 2 | G43: =F43*E43*100
E44: 28.05 | F44: 1 | G44: =F44*E44*100
F45: 1 | G45: 4150

Sheet 1 DTE
A1: January | D1: February | G1: March
A2: 45658 | D2: 45691 | E2: -1690 | G2: 45691
A3: 45659 | D3: 45692 | G3: 45692
A4: 45660 | D4: 45693 | G4: 45693
A5: 45661 | D5: 45694 | G5: 45694
A6: 45662 | D6: 45695 | G6: 45695
A7: 45663 | D7: 45696 | G7: 45696
A8: 45664 | D8: 45697 | G8: 45697
A9: 45665 | D9: 45698 | G9: 45698
A10: 45666 | D10: 45699 | G10: 45699
A11: 45667 | D11: 45700 | G11: 45700
A12: 45668 | D12: 45701 | G12: 45701
A13: 45669 | D13: 45702 | G13: 45702
A14: 45670 | D14: 45703 | G14: 45703
... A18: 45674 | D18: 45707 | G18: 45707
A19: 45675 | D19: 45708 | E19: -2520 | G19: 45708
A20: 45676 | D20: 45709 | G20: 45709
A21: 45677 | D21: 45710 | G21: 45710
A22: 45678 | D22: 45711 | G22: 45711
A23: 45679 | D23: 45712 | E23: 1195 | G23: 45712
A24: 45680 | D24: 45713 | E24: 180 | G24: 45713
A25: 45681 | D25: 45714 | G25: 45714
A26: 45682 | D26: 45715 | G26: 45715
A27: 45683 | D27: 45716 | G27: 45716
A28: 45684 | B28: 790
A29: 45685
A30: 45686
A31: 45687
A32: 45688
A35: Total | B35: =SUM(B2:B34)

Sheet RIC
A1: January | D1: February | G1: March
A2: 45658 | D2: 45691 | G2: 45691
A3: 45659 | B3: 1855 | D3: 45692 | E3: 25 | G3: 45692
A4: 45660 | B4: 1250 | D4: 45693 | E4: 850 | G4: 45693
A5: 45661 | D5: 45694 | E5: -492 | G5: 45694
A6: 45662 | D6: 45695 | E6: 1420 | G6: 45695
A7: 45663 | D7: 45696 | G7: 45696
A8: 45664 | D8: 45697 | G8: 45697
A9: 45665 | B9: -95 | D9: 45698 | G9: 45698
A10: 45666 | D10: 45699 | G10: 45699
A11: 45667 | D11: 45700 | G11: 45700
A12: 45668 | D12: 45701 | E12: 1020 | G12: 45701
A13: 45669 | D13: 45702 | E13: -1435 | G13: 45702
A14: 45670 | B14: 440 | D14: 45703 | G14: 45703
A15: 45671 | B15: 1190 | D15: 45704 | G15: 45704
A16: 45672 | B16: -497 | D16: 45705 | G16: 45705
A17: 45673 | D17: 45706 | G17: 45706
A18: 45674 | B18: -1187.5 | D18: 45707 | G18: 45707
A19: 45675 | D19: 45708 | G19: 45708
A20: 45676 | D20: 45709 | E20: 510 | G20: 45709
A21: 45677 | D21: 45710 | G21: 45710
A22: 45678 | B22: 440 | D22: 45711 | G22: 45711
A23: 45679 | B23: -1550 | D23: 45712 | G23: 45712
A24: 45680 | D24: 45713 | G24: 45713
A25: 45681 | B25: 430 | D25: 45714 | E25: 640 | G25: 45714
A26: 45682 | D26: 45715 | E26: -180 | G26: 45715
A27: 45683 | D27: 45716 | G27: 45716
A28: 45684
A29: 45685 | B29: 410
A30: 45686
A31: 45687 | B31: -666
A32: 45688 | B32: 625
A35: Total | B35: =SUM(B2:B34) | E35: =SUM(E2:E27)

Sheet TLC
A1: January | D1: February
A2: 45658 | D2: 45691
A3: 45659 | B3: 845 | D3: 45692 | E3: 1235
A4: 45660 | B4: -1465 | D4: 45693 | E4: -1525
A5: 45661 | D5: 45694 | E5: 835
A6: 45662 | D6: 45695 | E6: -5736
A7: 45663 | B7: -1995 | D7: 45696
A8: 45664 | B8: 135 | D8: 45697
A9: 45665 | D9: 45698
A10: 45666 | D10: 45699
A11: 45667 | D11: 45700
A12: 45668 | D12: 45701
A13: 45669 | D13: 45702
A14: 45670 | B14: 880 | D14: 45703
A15: 45671 | B15: -4899 | D15: 45704
A16: 45672 | B16: 840 | D16: 45705
A17: 45673 | B17: 1549 | D17: 45706
A18: 45674 | B18: 315 | D18: 45707
A19: 45675 | D19: 45708
A20: 45676 | D20: 45709
A21: 45677 | D21: 45710
A22: 45678 | B22: 380 | D22: 45711
A23: 45679 | B23: 335 | D23: 45712
A24: 45680 | B24: -1475 | D24: 45713
A25: 45681 | D25: 45714
A26: 45682 | D26: 45715
A27: 45683 | D27: 45716
A28: 45684
A29: 45685 | B29: 1165
A30: 45686
A31: 45687
A32: 45688 | B32: 465
A35: Total | B35: =SUM(B2:B34) | E35: =SUM(E2:E34)
